decade,feature,count,ratio
1980s,Number=Sing,14847,0.1928332077824246
1980s,Gender=Masc,10582,0.13743928098293373
1980s,Gender=Fem,4997,0.06490116112943865
1980s,Voice=Act,4371,0.05677065745382757
1980s,HebBinyan=PAAL,3276,0.04254877003402863
1980s,PronType=Prs,3105,0.040327817752032626
1980s,Number=Plur,3089,0.04012000935137803
1980s,Person=3,2948,0.038288697820609396
1980s,PronType=Art,2629,0.034145517832558384
1980s,VerbForm=Part,2452,0.03184663740031691
1980s,"Gender=Fem,Masc",2405,0.03123620022339403
1980s,"Person=1,2,3",2391,0.03105436787282126
1980s,Person=1,2090,0.027144972335506664
1980s,Person=2,1172,0.01522196534794919
1980s,Tense=Past,1153,0.014975192872171857
1980s,Definite=Cons,968,0.012572408239603086
1980s,Tense=Fut,868,0.011273605735511859
1980s,Polarity=Neg,806,0.010468348182975297
1980s,Case=Gen,791,0.010273527807361613
1980s,PronType=Neg,782,0.010156635581993402
1980s,Definite=Def,682,0.008857833077902175
1980s,HebBinyan=PIEL,582,0.007559030573810946
1980s,VerbForm=Inf,567,0.007364210198197262
1980s,HebBinyan=HIFIL,507,0.0065849286957425255
1980s,PronType=Dem,400,0.005195210016364912
1980s,PronType=Int,393,0.005104293841078526
1980s,HebBinyan=NIFAL,356,0.004623736914564771
1980s,Voice=Mid,356,0.004623736914564771
1980s,Case=Acc,337,0.004376964438787438
1980s,HebBinyan=HITPAEL,282,0.0036626230615372625
1980s,VerbType=Cop,237,0.00307816193469621
1980s,Polarity=Pos,230,0.002987245759409824
1980s,HebRoot=בוא,198,0.0025716289581006312
1980s,Mood=Imp,187,0.002428760682650596
1980s,PronType=Ind,148,0.0019222277060550173
1980s,HebExistential=True,145,0.0018832636309322804
1980s,HebRoot=אמר,134,0.0017403953554822455
1980s,HebRoot=הלך,126,0.0016364911551549472
1980s,VerbType=Mod,120,0.0015585630049094734
1980s,HebRoot=רקד,119,0.0015455749798685612
1980s,HebRoot=רצי,118,0.0015325869548276489
1980s,HebRoot=ראי,110,0.0014286827545003508
1980s,PronType=Tot,108,0.0014027067044185262
1980s,"Gender=Fem, Masc",108,0.0014027067044185262
1980s,Case=Tem,92,0.0011948983037639296
1980s,HebRoot=נתן,87,0.0011299581785593682
1980s,HebRoot=ידע,83,0.0010780060783957192
1980s,HebRoot=עבר,81,0.0010520300283138947
1980s,Voice=Pass,78,0.0010130659531911578
1980s,HebRoot=חזר,72,0.0009351378029456841
1980s,Number=Dual,70,0.0009091617528638595
1980s,HebRoot=אהב,69,0.0008961737278229472
1980s,HebRoot=עשׂי,65,0.0008442216276592982
1980s,HebRoot=היי,63,0.0008182455775774736
1980s,HebRoot=לקח,59,0.0007662934774138244
1980s,HebRoot=שׁיר,58,0.0007533054523729121
1980s,HebRoot=שׁאר,55,0.0007143413772501754
1980s,HebRoot=מצא,53,0.0006883653271683508
1980s,HebRoot=נגע,50,0.000649401252045614
1980s,HebRoot=שׁכח,49,0.0006364132270047017
1980s,HebRoot=עלי,49,0.0006364132270047017
1980s,HebRoot=יצא,48,0.0006234252019637894
1980s,HebRoot=שׁמע,47,0.0006104371769228771
1980s,HebRoot=ישׁב,43,0.0005584850767592279
1980s,HebRoot=קרא,42,0.0005454970517183158
1980s,HebRoot=חשׁב,41,0.0005325090266774035
1980s,HebRoot=בכי,40,0.0005195210016364912
1980s,HebBinyan=PUAL,37,0.0004805569265137543
1980s,HebRoot=חפשׂ,36,0.00046756890147284203
1980s,HebRoot=נגד,36,0.00046756890147284203
1980s,HebRoot=זכר,36,0.00046756890147284203
1980s,Prefix=Yes,35,0.00045458087643192974
1980s,PronType=Rel,34,0.00044159285139101746
1980s,PronType=Emp,33,0.0004286048263501052
1980s,"Number=Plur,Sing",32,0.00041561680130919294
1980s,HebRoot=עוף,31,0.00040262877626828065
1980s,HebRoot=ירד,30,0.00038964075122736836
1980s,HebRoot=עמד,30,0.00038964075122736836
1980s,HebRoot=שׁאל,29,0.00037665272618645607
1980s,HebBinyan=HUFAL,29,0.00037665272618645607
1980s,HebRoot=נגן,28,0.0003636647011455438
1980s,HebRoot=רגשׁ,28,0.0003636647011455438
1980s,HebRoot=נפל,27,0.00035067667610463155
1980s,HebRoot=עזב,27,0.00035067667610463155
1980s,HebRoot=אבד,27,0.00035067667610463155
1980s,HebRoot=נשׂא,26,0.00033768865106371926
1980s,HebRoot=משׁך,25,0.000324700626022807
1980s,HebRoot=חכי,25,0.000324700626022807
1980s,HebRoot=ספר,25,0.000324700626022807
1980s,HebRoot=פגשׁ,25,0.000324700626022807
1980s,HebRoot=שׁוב,24,0.0003117126009818947
1980s,HebRoot=בקשׁ,24,0.0003117126009818947
1980s,HebRoot=תחל,24,0.0003117126009818947
1980s,HebRoot=קום,23,0.0002987245759409824
1980s,HebRoot=צחק,23,0.0002987245759409824
1980s,HebRoot=כבי,23,0.0002987245759409824
1980s,HebRoot=כנס,23,0.0002987245759409824
1980s,HebRoot=חלם,23,0.0002987245759409824
1980s,HebRoot=גמר,23,0.0002987245759409824
1980s,HebRoot=קרי,22,0.0002857365509000701
1980s,HebRoot=שׁני,21,0.0002727485258591579
1980s,HebRoot=עבד,21,0.0002727485258591579
1980s,HebRoot=פתח,21,0.0002727485258591579
1980s,HebRoot=שׁמר,20,0.0002597605008182456
1980s,HebRoot=דבר,20,0.0002597605008182456
1980s,HebRoot=עצר,20,0.0002597605008182456
1980s,HebRoot=חיך,20,0.0002597605008182456
1980s,HebRoot=צלח,20,0.0002597605008182456
1980s,HebRoot=חיי,20,0.0002597605008182456
1980s,HebRoot=בון,19,0.0002467724757773333
1980s,HebRoot=סבב,19,0.0002467724757773333
1980s,HebRoot=אמן,18,0.00023378445073642102
1980s,HebRoot=,18,0.00023378445073642102
1980s,HebRoot=למד,18,0.00023378445073642102
1980s,ense=Past,18,0.00023378445073642102
1980s,THebBinyan=PAAL,18,0.00023378445073642102
1980s,HebRoot=נבט,17,0.00022079642569550873
1980s,HebRoot=סגר,17,0.00022079642569550873
1980s,HebRoot=תפס,16,0.00020780840065459647
1980s,HebRoot=חלף,16,0.00020780840065459647
1980s,HebRoot=דלק,16,0.00020780840065459647
1980s,HebRoot=כאב,16,0.00020780840065459647
1980s,HebRoot=שׁלח,16,0.00020780840065459647
1980s,HebRoot=שׁבר,16,0.00020780840065459647
1980s,HebRoot=מול,16,0.00020780840065459647
1980s,HebRoot=נסע,16,0.00020780840065459647
1980s,HebRoot=נסי,15,0.00019482037561368418
1980s,HebRoot=לחשׁ,14,0.0001818323505727719
1980s,NumType=Ord,14,0.0001818323505727719
1980s,HebRoot=עור,14,0.0001818323505727719
1980s,HebRoot=פני,14,0.0001818323505727719
1980s,HebRoot=חבק,14,0.0001818323505727719
1980s,HebRoot=עלם,14,0.0001818323505727719
1980s,Aramaic=True,14,0.0001818323505727719
1980s,HebRoot=פסע,14,0.0001818323505727719
1980s,HebRoot=גלי,14,0.0001818323505727719
1980s,HebRoot=עני,13,0.00016884432553185963
1980s,HebRoot=כון,13,0.00016884432553185963
1980s,HebRoot=פסק,13,0.00016884432553185963
1980s,HebRoot=גבר,13,0.00016884432553185963
1980s,HebRoot=מרא,13,0.00016884432553185963
1980s,HebRoot=דמי,12,0.00015585630049094734
1980s,HebRoot=ברח,12,0.00015585630049094734
1980s,HebRoot=חזי,12,0.00015585630049094734
1980s,HebRoot=שׁתק,12,0.00015585630049094734
1980s,HebRoot=אכל,12,0.00015585630049094734
1980s,HebRoot=בער,12,0.00015585630049094734
1980s,HebRoot=כתב,11,0.00014286827545003506
1980s,HebRoot=אסף,11,0.00014286827545003506
1980s,HebRoot=נצח,11,0.00014286827545003506
1980s,HebRoot=קני,11,0.00014286827545003506
1980s,HebRoot=סתר,11,0.00014286827545003506
1980s,HebRoot=קשׁב,10,0.0001298802504091228
1980s,HebRoot=סדר,10,0.0001298802504091228
1980s,HebRoot=נגשׁ,10,0.0001298802504091228
1980s,HebRoot=עקשׁ,10,0.0001298802504091228
1980s,HebRoot=נוח,10,0.0001298802504091228
1980s,HebRoot=שׁחרר,10,0.0001298802504091228
1980s,HebRoot=קרב,10,0.0001298802504091228
1980s,HebRoot=רעד,10,0.0001298802504091228
1980s,HebRoot=ישׁן,10,0.0001298802504091228
1980s,HebRoot=שׂרף,10,0.0001298802504091228
1980s,HebRoot=שׁתי,10,0.0001298802504091228
1980s,HebRoot=נשׁם,10,0.0001298802504091228
1980s,HebRoot=הפך,9,0.00011689222536821051
1980s,HebRoot=קבל,9,0.00011689222536821051
1980s,HebRoot=נכר,9,0.00011689222536821051
1980s,HebRoot=נשׁק,9,0.00011689222536821051
1980s,HebRoot=רוץ,9,0.00011689222536821051
1980s,HebRoot=נכי,9,0.00011689222536821051
1980s,HebRoot=עזר,9,0.00011689222536821051
1980s,NumType=Card,9,0.00011689222536821051
1980s,HebRoot=שׁקע,9,0.00011689222536821051
1980s,HebRoot=פרח,9,0.00011689222536821051
1980s,Tense=Present,9,0.00011689222536821051
1980s,HebRoot=טחן,9,0.00011689222536821051
1980s,HebRoot=רדם,8,0.00010390420032729823
1980s,HebRoot=נוע,8,0.00010390420032729823
1980s,HebRoot=שׁוט,8,0.00010390420032729823
1980s,HebRoot=זמר,8,0.00010390420032729823
1980s,HebRoot=קשׁר,8,0.00010390420032729823
1980s,HebRoot=שׂחק,8,0.00010390420032729823
1980s,HebRoot=רקם,8,0.00010390420032729823
1980s,HebRoot=גור,8,0.00010390420032729823
1980s,HebRoot=שׁלם,8,0.00010390420032729823
1980s,HebRoot=גדל,8,0.00010390420032729823
1980s,HebRoot=פחד,8,0.00010390420032729823
1980s,HebRoot=פקח,8,0.00010390420032729823
1980s,HebRoot=סכל,8,0.00010390420032729823
1980s,HebRoot=נדד,8,0.00010390420032729823
1980s,HebRoot=דאג,8,0.00010390420032729823
1980s,HebRoot=יסף,7,9.091617528638595e-05
1980s,HebRoot=נשׁב,7,9.091617528638595e-05
1980s,HebRoot=מהר,7,9.091617528638595e-05
1980s,HebRoot=יתר,7,9.091617528638595e-05
1980s,HebRoot=עיף,7,9.091617528638595e-05
1980s,HebRoot=מות,7,9.091617528638595e-05
1980s,HebRoot=שׁטף,7,9.091617528638595e-05
1980s,HebRoot=זרם,7,9.091617528638595e-05
1980s,HebRoot=חמק,7,9.091617528638595e-05
1980s,HebRoot=זרק,7,9.091617528638595e-05
1980s,HebRoot=זור,7,9.091617528638595e-05
1980s,HebRoot=רגע,7,9.091617528638595e-05
1980s,HebRoot=רכב,7,9.091617528638595e-05
1980s,HebRoot=שׁדר,7,9.091617528638595e-05
1980s,Number=SingNumType=Ord,7,9.091617528638595e-05
1980s,HebRoot=טלפּן,7,9.091617528638595e-05
1980s,HebRoot=שׁרק,6,7.792815024547367e-05
1980s,HebRoot=רבץ,6,7.792815024547367e-05
1980s,Case=Nom,6,7.792815024547367e-05
1980s,HebRoot=טיל,6,7.792815024547367e-05
1980s,HebRoot=ותר,6,7.792815024547367e-05
1980s,HebRoot=פלג,6,7.792815024547367e-05
1980s,HebRoot=צוץ,6,7.792815024547367e-05
1980s,HebRoot=צפי,6,7.792815024547367e-05
1980s,HebRoot=שׁבע,6,7.792815024547367e-05
1980s,HebRoot=סים,6,7.792815024547367e-05
1980s,HebRoot=קפץ,6,7.792815024547367e-05
1980s,HebRoot=טרף,6,7.792815024547367e-05
1980s,HebRoot=בני,6,7.792815024547367e-05
1980s, Number=Sing,6,7.792815024547367e-05
1980s, Person=3,6,7.792815024547367e-05
1980s,HebRoot=שׁכן,6,7.792815024547367e-05
1980s,HebRoot=מלא,6,7.792815024547367e-05
1980s,HebRoot=שׁכב,6,7.792815024547367e-05
1980s,HebRoot=קדם,6,7.792815024547367e-05
1980s,HebRoot=טעי,6,7.792815024547367e-05
1980s,HebRoot=נהג,6,7.792815024547367e-05
1980s,HebRoot=חדר,6,7.792815024547367e-05
1980s,HebRoot=יאשׁ,6,7.792815024547367e-05
1980s,HebRoot=קלקל,6,7.792815024547367e-05
1980s,HebRoot=צלצל,5,6.49401252045614e-05
1980s,HebRoot=נתר,5,6.49401252045614e-05
1980s,HebRoot=תקע,5,6.49401252045614e-05
1980s,HebRoot=ילד,5,6.49401252045614e-05
1980s,HebRoot=פרץ,5,6.49401252045614e-05
1980s,HebRoot=בטח,5,6.49401252045614e-05
1980s,HebRoot=זרח,5,6.49401252045614e-05
1980s,HebRoot=צעק,5,6.49401252045614e-05
1980s,HebRoot=חנק,5,6.49401252045614e-05
1980s,HebRoot=גלגל,5,6.49401252045614e-05
1980s,HebRoot=חלט,5,6.49401252045614e-05
1980s,HebRoot=דהר,5,6.49401252045614e-05
1980s,HebRoot=ציר,5,6.49401252045614e-05
1980s,HebRoot=פ\קשׁשׁ,5,6.49401252045614e-05
1980s,HebRoot=דפק,5,6.49401252045614e-05
1980s,HebRoot=כסי,5,6.49401252045614e-05
1980s,HebRoot=קלף,5,6.49401252045614e-05
1980s,HebRoot=פרשׂ,5,6.49401252045614e-05
1980s,HebRoot=ישׁט,5,6.49401252045614e-05
1980s,HebRoot=פוג,5,6.49401252045614e-05
1980s,HebRoot=עשׁן,5,6.49401252045614e-05
1980s,HebRoot=צעד,5,6.49401252045614e-05
1980s,HebRoot=אחז,5,6.49401252045614e-05
1980s,HebRoot=צמד,5,6.49401252045614e-05
1980s,HebRoot=מרח,5,6.49401252045614e-05
1980s,HebRoot=רום,5,6.49401252045614e-05
1980s,HebRoot=יבשׁ,5,6.49401252045614e-05
1980s,HebRoot=אלם,5,6.49401252045614e-05
1980s,HebRoot=כנע,5,6.49401252045614e-05
1980s,HebRoot=נזל,5,6.49401252045614e-05
1980s,HebRoot=סבך,5,6.49401252045614e-05
1980s,HebRoot=סכן,5,6.49401252045614e-05
1980s,HebRoot=כוץ,5,6.49401252045614e-05
1980s,HebRoot=דאי,4,5.195210016364912e-05
1980s,HebRoot=סבר,4,5.195210016364912e-05
1980s,HebRoot=קרץ,4,5.195210016364912e-05
1980s,HebRoot=פגע,4,5.195210016364912e-05
1980s,HebRoot=נוד,4,5.195210016364912e-05
1980s,HebRoot=חשׁק,4,5.195210016364912e-05
1980s,HebRoot=צער,4,5.195210016364912e-05
1980s,HebRoot=אחר,4,5.195210016364912e-05
1980s,HebRoot=שׂמח,4,5.195210016364912e-05
1980s,HebRoot=עצם,4,5.195210016364912e-05
1980s,HebRoot=גאי,4,5.195210016364912e-05
1980s,HebRoot=בהר,4,5.195210016364912e-05
1980s,HebRoot=צוף,4,5.195210016364912e-05
1980s,HebRoot=חתך,4,5.195210016364912e-05
1980s,HebRoot=גנב,4,5.195210016364912e-05
1980s,HebRoot=ספק,4,5.195210016364912e-05
1980s,HebRoot=בזבז,4,5.195210016364912e-05
1980s,HebRoot=סדק,4,5.195210016364912e-05
1980s,HebRoot=גרף,4,5.195210016364912e-05
1980s,HebRoot=פזר,4,5.195210016364912e-05
1980s,NumType=Mult,4,5.195210016364912e-05
1980s,HebRoot=בישׁ,4,5.195210016364912e-05
1980s,HebRoot=סחף,4,5.195210016364912e-05
1980s,HebRoot=גמע,4,5.195210016364912e-05
1980s,HebRoot=פעל,4,5.195210016364912e-05
1980s,HebRoot=חושׁ,4,5.195210016364912e-05
1980s,HebRoot=כעס,4,5.195210016364912e-05
1980s,HebRoot=הרס,4,5.195210016364912e-05
1980s,HebRoot=מתן,4,5.195210016364912e-05
1980s,HebRoot=לגם,4,5.195210016364912e-05
1980s,HebRoot=געגע,4,5.195210016364912e-05
1980s,HebRoot=צרב,4,5.195210016364912e-05
1980s,HebRoot=מלמל,4,5.195210016364912e-05
1980s,HebRoot=תמם,4,5.195210016364912e-05
1980s,HebRoot=יכל,4,5.195210016364912e-05
1980s,HebRoot=לבשׁ,4,5.195210016364912e-05
1980s,HebRoot=נוף,4,5.195210016364912e-05
1980s,HebRoot=להב,4,5.195210016364912e-05
1980s,HebRoot=זוז,4,5.195210016364912e-05
1980s,HebRoot=כול,4,5.195210016364912e-05
1980s,HebRoot=לטף,4,5.195210016364912e-05
1980s,HebRoot=עטף,4,5.195210016364912e-05
1980s,HebRoot=צלל,4,5.195210016364912e-05
1980s,HebRoot=בגד,4,5.195210016364912e-05
1980s,HebRoot=טבע,3,3.8964075122736836e-05
1980s,HebRoot=תלי,3,3.8964075122736836e-05
1980s,HebRoot=תקן,3,3.8964075122736836e-05
1980s,HebRoot=זמן,3,3.8964075122736836e-05
1980s,HebRoot=אור,3,3.8964075122736836e-05
1980s,HebRoot=חרשׁ,3,3.8964075122736836e-05
1980s,HebRoot=פתל,3,3.8964075122736836e-05
1980s,HebRoot=כרע,3,3.8964075122736836e-05
1980s,HebRoot=כּיף,3,3.8964075122736836e-05
1980s,HebRoot=מנע,3,3.8964075122736836e-05
1980s,HebRoot=שׁען,3,3.8964075122736836e-05
1980s,HebRoot=פיס,3,3.8964075122736836e-05
1980s,HebRoot=מסר,3,3.8964075122736836e-05
1980s,HebRoot=סמר,3,3.8964075122736836e-05
1980s,HebRoot=בגר,3,3.8964075122736836e-05
1980s,HebRoot=בין,3,3.8964075122736836e-05
1980s,HebRoot=מוט,3,3.8964075122736836e-05
1980s,DictaNote=Titular,3,3.8964075122736836e-05
1980s,HebRoot=רדף,3,3.8964075122736836e-05
1980s,HebRoot=חלי,3,3.8964075122736836e-05
1980s,HebRoot=בלע,3,3.8964075122736836e-05
1980s,HebRoot=מאס,3,3.8964075122736836e-05
1980s,HebRoot=נתק,3,3.8964075122736836e-05
1980s,HebRoot=נשׁר,3,3.8964075122736836e-05
1980s,HebRoot=תור,3,3.8964075122736836e-05
1980s,HebRoot=מכר,3,3.8964075122736836e-05
1980s,HebRoot=חלק,3,3.8964075122736836e-05
1980s,HebRoot=פשׁט,3,3.8964075122736836e-05
1980s,HebRoot=רמז,3,3.8964075122736836e-05
1980s,HebRoot=חזק,3,3.8964075122736836e-05
1980s,HebRoot=חצי,3,3.8964075122736836e-05
1980s,HebRoot=דחי,3,3.8964075122736836e-05
1980s,HebRoot=שׁור,3,3.8964075122736836e-05
1980s,HebRoot=שׁתל,3,3.8964075122736836e-05
1980s,HebRoot=פרע,3,3.8964075122736836e-05
1980s,HebRoot=סלח,3,3.8964075122736836e-05
1980s,HebRoot=טפס,3,3.8964075122736836e-05
1980s,HebRoot=בטל,3,3.8964075122736836e-05
1980s,HebRoot=זהר,3,3.8964075122736836e-05
1980s,HebRoot=יצב,3,3.8964075122736836e-05
1980s,HebRoot=צרח,3,3.8964075122736836e-05
1980s,HebRoot=נפץ,3,3.8964075122736836e-05
1980s,HebRoot=חני,3,3.8964075122736836e-05
1980s,HebRoot=זלל,3,3.8964075122736836e-05
1980s,HebRoot=שׁלל,3,3.8964075122736836e-05
1980s,HebRoot=פרד,3,3.8964075122736836e-05
1980s,HebRoot=חיג,3,3.8964075122736836e-05
1980s,HebRoot=קשׁי,3,3.8964075122736836e-05
1980s,HebRoot=חדשׁ,3,3.8964075122736836e-05
1980s,HebRoot=הרג,3,3.8964075122736836e-05
1980s,HebRoot=אלץ,3,3.8964075122736836e-05
1980s,HebRoot=זכי,3,3.8964075122736836e-05
1980s,HebRoot=קלט,3,3.8964075122736836e-05
1980s,HebRoot=ערב,3,3.8964075122736836e-05
1980s,HebRoot=הזי,3,3.8964075122736836e-05
1980s,HebRoot=פצח,3,3.8964075122736836e-05
1980s,HebRoot=שׁפט,3,3.8964075122736836e-05
1980s,HebRoot=יצר,3,3.8964075122736836e-05
1980s,HebRoot=אבק,3,3.8964075122736836e-05
1980s,HebRoot=עוק,3,3.8964075122736836e-05
1980s,HebRoot=חשׁך,2,2.597605008182456e-05
1980s,HebRoot=יפע,2,2.597605008182456e-05
1980s,HebRoot=ענין,2,2.597605008182456e-05
1980s,HebRoot=תקתק,2,2.597605008182456e-05
1980s,HebRoot=קדשׁ,2,2.597605008182456e-05
1980s,HebRoot=מסס,2,2.597605008182456e-05
1980s,HebRoot=קפא,2,2.597605008182456e-05
1980s,HebRoot=מתח,2,2.597605008182456e-05
1980s,HebRoot=עצב,2,2.597605008182456e-05
1980s,PronType=In,2,2.597605008182456e-05
1980s,HebRoot=רנן,2,2.597605008182456e-05
1980s,HebRoot=נחם,2,2.597605008182456e-05
1980s,HebRoot=שׁפך,2,2.597605008182456e-05
1980s,HebRoot=רתח,2,2.597605008182456e-05
1980s,HebRoot=הסס,2,2.597605008182456e-05
1980s,HebRoot=יסר,2,2.597605008182456e-05
1980s,HebRoot=עדד,2,2.597605008182456e-05
1980s,HebRoot=שׁלב,2,2.597605008182456e-05
1980s,HebRoot=דהם,2,2.597605008182456e-05
1980s,HebRoot=שׁכם,2,2.597605008182456e-05
1980s,HebRoot=אשׁפז,2,2.597605008182456e-05
1980s,HebRoot=חצב,2,2.597605008182456e-05
1980s,HebRoot=עדף,2,2.597605008182456e-05
1980s,HebRoot=שׁקר,2,2.597605008182456e-05
1980s,HebRoot=לחץ,2,2.597605008182456e-05
1980s,HebRoot=לעס,2,2.597605008182456e-05
1980s,HebRoot=נוט,2,2.597605008182456e-05
1980s,HebRoot=בקר,2,2.597605008182456e-05
1980s,HebRoot=אשׁר,2,2.597605008182456e-05
1980s,HebRoot=צלם,2,2.597605008182456e-05
1980s,HebRoot=רחם,2,2.597605008182456e-05
1980s,HebRoot=רחק,2,2.597605008182456e-05
1980s,HebRoot=כרח,2,2.597605008182456e-05
1980s,HebRoot=בלבל,2,2.597605008182456e-05
1980s,HebRoot=שׁחק,2,2.597605008182456e-05
1980s,HebRoot=חשׁמל,2,2.597605008182456e-05
1980s,HebRoot=יצת,2,2.597605008182456e-05
1980s,HebRoot=דחף,2,2.597605008182456e-05
1980s,HebRoot=זקף,2,2.597605008182456e-05
1980s,HebRoot=כחשׁ,2,2.597605008182456e-05
1980s,HebRoot=סחב,2,2.597605008182456e-05
1980s,HebRoot=יפח,2,2.597605008182456e-05
1980s,HebRoot=דון,2,2.597605008182456e-05
1980s,HebRoot=שׁזף,2,2.597605008182456e-05
1980s,HebRoot=שׁקף,2,2.597605008182456e-05
1980s,HebRoot=הדף,2,2.597605008182456e-05
1980s,HebRoot=תעי,2,2.597605008182456e-05
1980s,HebRoot=מוג,2,2.597605008182456e-05
1980s,HebRoot=צהל,2,2.597605008182456e-05
1980s,HebRoot=קטף,2,2.597605008182456e-05
1980s,HebRoot=חבשׁ,2,2.597605008182456e-05
1980s,HebRoot=דרס,2,2.597605008182456e-05
1980s,HebRoot=נצל,2,2.597605008182456e-05
1980s,HebRoot=קבע,2,2.597605008182456e-05
1980s,HebRoot=גשׁם,2,2.597605008182456e-05
1980s,HebRoot=מושׁ,2,2.597605008182456e-05
1980s,HebRoot=עצבן,2,2.597605008182456e-05
1980s,HebRoot=טוי,2,2.597605008182456e-05
1980s,HebRoot=נכשׁ,2,2.597605008182456e-05
1980s,HebRoot=מזי,2,2.597605008182456e-05
1980s,HebRoot=ספי,2,2.597605008182456e-05
1980s,HebRoot=שׁדל,2,2.597605008182456e-05
1980s,HebRoot=שׁעמם,2,2.597605008182456e-05
1980s,HebRoot=נטע,2,2.597605008182456e-05
1980s,HebRoot=כתר,2,2.597605008182456e-05
1980s,HebRoot=ריע,2,2.597605008182456e-05
1980s,HebRoot=בלי,2,2.597605008182456e-05
1980s,HebRoot=דמין,2,2.597605008182456e-05
1980s,HebRoot=צמח,2,2.597605008182456e-05
1980s,HebRoot=בהי,2,2.597605008182456e-05
1980s,HebRoot=יבל,2,2.597605008182456e-05
1980s,HebRoot=חבא,2,2.597605008182456e-05
1980s,HebRoot=קים,2,2.597605008182456e-05
1980s,HebRoot=הוי,2,2.597605008182456e-05
1980s,HebRoot=סער,2,2.597605008182456e-05
1980s,HebRoot=סוג,2,2.597605008182456e-05
1980s,HebRoot=שׁקק,2,2.597605008182456e-05
1980s,HebRoot=עוד,2,2.597605008182456e-05
1980s,HebRoot=המי,2,2.597605008182456e-05
1980s,HebRoot=עפל,2,2.597605008182456e-05
1980s,HebRoot=חפף,2,2.597605008182456e-05
1980s,HebRoot=שׁער,2,2.597605008182456e-05
1980s,HebRoot=טמן,2,2.597605008182456e-05
1980s,HebRoot=נחת,2,2.597605008182456e-05
1980s,HebRoot=נהר,2,2.597605008182456e-05
1980s,HebRoot=סבל,2,2.597605008182456e-05
1980s,HebRoot=שׁלט,2,2.597605008182456e-05
1980s,HebRoot=מעד,2,2.597605008182456e-05
1980s,HebRoot=זלג,2,2.597605008182456e-05
1980s,HebRoot=עות,2,2.597605008182456e-05
1980s,HebRoot=בהל,2,2.597605008182456e-05
1980s,HebRoot=גלשׁ,2,2.597605008182456e-05
1980s,HebRoot=וכח,2,2.597605008182456e-05
1980s,HebRoot=פלח,2,2.597605008182456e-05
1980s,HebRoot=חגג,2,2.597605008182456e-05
1980s,HebRoot=אים,2,2.597605008182456e-05
1980s,HebRoot=לכד,2,2.597605008182456e-05
1980s,HebRoot=פוק,2,2.597605008182456e-05
1980s,HebRoot=רטט,2,2.597605008182456e-05
1980s,HebRoot=שׂרט,2,2.597605008182456e-05
1980s,HebRoot=סלק,2,2.597605008182456e-05
1980s,HebRoot=שׁנן,2,2.597605008182456e-05
1980s,HebRoot=פרר,2,2.597605008182456e-05
1980s,HebRoot=יעל,2,2.597605008182456e-05
1980s,HebRoot=קפל,2,2.597605008182456e-05
1980s,HebRoot=חתן,2,2.597605008182456e-05
1980s,HebRoot=סחרר,2,2.597605008182456e-05
1980s,HebRoot=רשׁם,1,1.298802504091228e-05
1980s,HebRoot=חוץ,1,1.298802504091228e-05
1980s,HebRoot=נדנד,1,1.298802504091228e-05
1980s,HebRoot=נשׂג,1,1.298802504091228e-05
1980s,HebRoot=סבן,1,1.298802504091228e-05
1980s,HebRoot=חטף,1,1.298802504091228e-05
1980s,HebRoot=עסק,1,1.298802504091228e-05
1980s,HebRoot=תרי,1,1.298802504091228e-05
1980s,HebRoot=שׁגע,1,1.298802504091228e-05
1980s,HebRoot=צפצף,1,1.298802504091228e-05
1980s,HebRoot=חמד,1,1.298802504091228e-05
1980s,HebRoot=כזב,1,1.298802504091228e-05
1980s,HebRoot=רני,1,1.298802504091228e-05
1980s,HebRoot=פלד,1,1.298802504091228e-05
1980s,HebRoot=אוי,1,1.298802504091228e-05
1980s,HebRoot=נחל,1,1.298802504091228e-05
1980s,HebRoot=דעך,1,1.298802504091228e-05
1980s,HebRoot=קון,1,1.298802504091228e-05
1980s,HebRoot=צאי,1,1.298802504091228e-05
1980s,HebRoot=עלז,1,1.298802504091228e-05
1980s,HebRoot=חרד,1,1.298802504091228e-05
1980s,HebRoot=כחל,1,1.298802504091228e-05
1980s,HebRoot=פזם,1,1.298802504091228e-05
1980s,HebRoot=שׂרר,1,1.298802504091228e-05
1980s,HebRoot=רפי,1,1.298802504091228e-05
1980s,HebRoot=אפק,1,1.298802504091228e-05
1980s,HebRoot=נמנם,1,1.298802504091228e-05
1980s,HebRoot=לקט,1,1.298802504091228e-05
1980s,HebRoot=ארר,1,1.298802504091228e-05
1980s,HebRoot=זרע,1,1.298802504091228e-05
1980s,HebRoot=טשׁטשׁ,1,1.298802504091228e-05
1980s,HebRoot=פרס,1,1.298802504091228e-05
1980s,HebRoot=דמם,1,1.298802504091228e-05
1980s,HebRoot=גיז,1,1.298802504091228e-05
1980s,HebRoot=תסס,1,1.298802504091228e-05
1980s,HebRoot=קבר,1,1.298802504091228e-05
1980s,HebRoot=חלטר,1,1.298802504091228e-05
1980s,HebRoot=בּרמן,1,1.298802504091228e-05
1980s,HebRoot=אכזב,1,1.298802504091228e-05
1980s,HebRoot=גמל,1,1.298802504091228e-05
1980s,HebRoot=כשׁל,1,1.298802504091228e-05
1980s,HebRoot=אפס,1,1.298802504091228e-05
1980s,HebRoot=סור,1,1.298802504091228e-05
1980s,HebRoot=דרך,1,1.298802504091228e-05
1980s,HebRoot=פלשׁ,1,1.298802504091228e-05
1980s,HebRoot=ריח,1,1.298802504091228e-05
1980s,HebRoot=ירי,1,1.298802504091228e-05
1980s,HebRoot=רבי,1,1.298802504091228e-05
1980s,HebRoot=רפס,1,1.298802504091228e-05
1980s,HebRoot=פצר,1,1.298802504091228e-05
1980s,HebRoot=עדי,1,1.298802504091228e-05
1980s,HebRoot=קצר,1,1.298802504091228e-05
1980s,HebRoot=הלם,1,1.298802504091228e-05
1980s,HebRoot=פצע,1,1.298802504091228e-05
1980s,HebRoot=נעם,1,1.298802504091228e-05
1980s,HebRoot=קדח,1,1.298802504091228e-05
1980s,HebRoot=פרנס,1,1.298802504091228e-05
1980s,HebRoot=פתע,1,1.298802504091228e-05
1980s,HebRoot=חמץ,1,1.298802504091228e-05
1980s,HebRoot=פסד,1,1.298802504091228e-05
1980s,HebRoot=לכלך,1,1.298802504091228e-05
1980s,HebRoot=צלף,1,1.298802504091228e-05
1980s,HebRoot=שׁקי,1,1.298802504091228e-05
1980s,HebRoot=קור,1,1.298802504091228e-05
1980s,HebRoot=נגה,1,1.298802504091228e-05
1980s,HebRoot=פזל,1,1.298802504091228e-05
1980s,HebRoot=ציץ,1,1.298802504091228e-05
1980s,HebRoot=יגי,1,1.298802504091228e-05
1980s,HebRoot=חגר,1,1.298802504091228e-05
1980s,HebRoot=נעץ,1,1.298802504091228e-05
1980s,HebRoot=בדח,1,1.298802504091228e-05
1980s,HebRoot=אלחשׁ,1,1.298802504091228e-05
1980s,HebRoot=לחך,1,1.298802504091228e-05
1980s,HebRoot=אנשׁ,1,1.298802504091228e-05
1980s,HebRoot=טען,1,1.298802504091228e-05
1980s,HebRoot=נקף,1,1.298802504091228e-05
1980s,HebRoot=טרק,1,1.298802504091228e-05
1980s,HebRoot=גמגם,1,1.298802504091228e-05
1980s,HebRoot=עטר,1,1.298802504091228e-05
1980s,HebRoot=ארג,1,1.298802504091228e-05
1980s,HebRoot=פרשׁ,1,1.298802504091228e-05
1980s,HebRoot=קטן,1,1.298802504091228e-05
1980s,HebRoot=גוף,1,1.298802504091228e-05
1980s,HebRoot=זני,1,1.298802504091228e-05
1980s,HebRoot=בזי,1,1.298802504091228e-05
1980s,HebRoot=צין,1,1.298802504091228e-05
1980s,HebRoot=קנא,1,1.298802504091228e-05
1980s,HebRoot=חלשׁ,1,1.298802504091228e-05
1980s,HebRoot=רכן,1,1.298802504091228e-05
1980s,HebRoot=בחן,1,1.298802504091228e-05
1980s,HebRoot=פכי,1,1.298802504091228e-05
1980s,HebRoot=דמע,1,1.298802504091228e-05
1980s,HebRoot=לבן,1,1.298802504091228e-05
1980s,HebRoot=שׁכך,1,1.298802504091228e-05
1980s,HebRoot=דרשׁ,1,1.298802504091228e-05
1980s,HebRoot=אזן,1,1.298802504091228e-05
1980s,HebRoot=מחא,1,1.298802504091228e-05
1980s,HebRoot=תרכב,1,1.298802504091228e-05
1980s,HebRoot=חנחן,1,1.298802504091228e-05
1980s,HebRoot=ארך,1,1.298802504091228e-05
1980s,HebRoot=נזק,1,1.298802504091228e-05
1980s,HebRoot=תמד,1,1.298802504091228e-05
1980s,HebRoot=פשׁל,1,1.298802504091228e-05
1980s,HebRoot=פעם,1,1.298802504091228e-05
1980s,HebRoot=ערפל,1,1.298802504091228e-05
1980s,HebRoot=שׂחי,1,1.298802504091228e-05
1980s,HebRoot=נבע,1,1.298802504091228e-05
1980s,HebRoot=הבהב,1,1.298802504091228e-05
1980s,HebRoot=פרפר,1,1.298802504091228e-05
1980s,HebRoot=גשׁשׁ,1,1.298802504091228e-05
1980s,HebRoot=יצע,1,1.298802504091228e-05
1980s,HebRoot=חכם,1,1.298802504091228e-05
1980s,HebRoot=רפק,1,1.298802504091228e-05
1980s,HebRoot=ידי,1,1.298802504091228e-05
1980s,HebRoot=הני,1,1.298802504091228e-05
1980s,HebRoot=פרט,1,1.298802504091228e-05
1980s,HebRoot=יתם,1,1.298802504091228e-05
1980s,ADV,1,1.298802504091228e-05
1980s,HebRoot=רדד,1,1.298802504091228e-05
1980s,HebRoot=בדד,1,1.298802504091228e-05
1980s,HebRoot=פתר,1,1.298802504091228e-05
1980s,HebRoot=אֵינְסְפוֹר,1,1.298802504091228e-05
1980s,HebRoot=לון,1,1.298802504091228e-05
1980s,HebRoot=תהי,1,1.298802504091228e-05
1980s,HebRoot=כבר,1,1.298802504091228e-05
1980s,HebRoot=נקט,1,1.298802504091228e-05
1980s,HebRoot=ערבב,1,1.298802504091228e-05
1980s,HebRoot=ערבל,1,1.298802504091228e-05
1980s,HebRoot=סכך,1,1.298802504091228e-05
1980s,HebRoot=צנן,1,1.298802504091228e-05
1980s,HebRoot=לוי,1,1.298802504091228e-05
1980s,HebRoot=סטי,1,1.298802504091228e-05
1980s,HebRoot=תרם,1,1.298802504091228e-05
1980s,HebRoot=קוט,1,1.298802504091228e-05
1980s,HebRoot=שׁלך,1,1.298802504091228e-05
1980s,HebRoot=נתז,1,1.298802504091228e-05
1980s,HebRoot=פוח,1,1.298802504091228e-05
1980s,HebRoot=אפף,1,1.298802504091228e-05
1980s,HebRoot=להי,1,1.298802504091228e-05
1980s,HebRoot=נצנץ,1,1.298802504091228e-05
1980s,HebRoot=מצמץ,1,1.298802504091228e-05
1980s,HebRoot=פלבל,1,1.298802504091228e-05
1980s,HebRoot=נטף,1,1.298802504091228e-05
1980s,HebRoot=נסר,1,1.298802504091228e-05
1980s,HebRoot=זעק,1,1.298802504091228e-05
1980s,HebRoot=טמטם,1,1.298802504091228e-05
1980s,HebRoot=שׁאן,1,1.298802504091228e-05
1980s,DictaNote=Continue,1,1.298802504091228e-05
1980s,HebRoot=קלל,1,1.298802504091228e-05
1980s,HebRoot=שׁזר,1,1.298802504091228e-05
1980s,HebRoot=שׁאף,1,1.298802504091228e-05
1980s,HebRoot=קרח,1,1.298802504091228e-05
1980s,HebRoot=פוס,1,1.298802504091228e-05
1980s,HebRoot=זכך,1,1.298802504091228e-05
1980s,HebRoot=רוי,1,1.298802504091228e-05
1980s,HebRoot=חרק,1,1.298802504091228e-05
1980s,HebRoot=נעל,1,1.298802504091228e-05
1980s,HebRoot=גנח,1,1.298802504091228e-05
1980s,HebRoot=פכח,1,1.298802504091228e-05
1980s,HebRoot=זקן,1,1.298802504091228e-05
1980s,HebRoot=זלזל,1,1.298802504091228e-05
1980s,HebRoot=גער,1,1.298802504091228e-05
1980s,HebRoot=קהל,1,1.298802504091228e-05
1980s,HebRoot=ענטז,1,1.298802504091228e-05
1980s,HebRoot=סוט,1,1.298802504091228e-05
1980s,HebRoot=לעג,1,1.298802504091228e-05
1980s,HebRoot=בִּישׁ,1,1.298802504091228e-05
1980s,HebRoot=נקם,1,1.298802504091228e-05
1980s,HebRoot=עקם,1,1.298802504091228e-05
1980s,HebRoot=בדק,1,1.298802504091228e-05
1980s,HebRoot=נמך,1,1.298802504091228e-05
1980s,HebRoot=פון,1,1.298802504091228e-05
1980s,HebRoot=אכסן,1,1.298802504091228e-05
1980s,HebRoot=לחם,1,1.298802504091228e-05
1980s,HebRoot=חתר,1,1.298802504091228e-05
1980s,HebRoot=רצח,1,1.298802504091228e-05
1980s,HebRoot=פקע,1,1.298802504091228e-05
1980s,HebRoot=קוי,1,1.298802504091228e-05
1980s,HebRoot=נבר,1,1.298802504091228e-05
1980s,HebRoot=מחי,1,1.298802504091228e-05
1980s,HebRoot=חסר,1,1.298802504091228e-05
1980s,HebRoot=בושׁ,1,1.298802504091228e-05
1980s,HebRoot=נתח,1,1.298802504091228e-05
1980s,HebRoot=הדק,1,1.298802504091228e-05
1980s,HebRoot=שׁחז,1,1.298802504091228e-05
1980s,HebRoot=עין,1,1.298802504091228e-05
1980s,HebRoot=דפס,1,1.298802504091228e-05
1980s,HebRoot=פמפם,1,1.298802504091228e-05
1980s,HebRoot=שׁכנע,1,1.298802504091228e-05
1980s,HebRoot=סתם,1,1.298802504091228e-05
1980s,HebRoot=שׂים,1,1.298802504091228e-05
1980s,HebRoot=צברח,1,1.298802504091228e-05
1980s,HebRoot=נקי,1,1.298802504091228e-05
1980s,HebRoot=דוץ,1,1.298802504091228e-05
1980s,HebRoot=פער,1,1.298802504091228e-05
1980s,HebRoot=יבב,1,1.298802504091228e-05
1980s,HebRoot=תבע,1,1.298802504091228e-05
1980s,HebRoot=בעט,1,1.298802504091228e-05
1980s,HebRoot=מרד,1,1.298802504091228e-05
1980s,HebRoot=שׁקט,1,1.298802504091228e-05
1980s,HebRoot=ירשׁ,1,1.298802504091228e-05
1980s,HebRoot=נצץ,1,1.298802504091228e-05
1980s,HebRoot=צען,1,1.298802504091228e-05
1980s,HebRoot=ארגן,1,1.298802504091228e-05
1980s,HebRoot=רקן,1,1.298802504091228e-05
1980s,HebRoot=אזל,1,1.298802504091228e-05
1980s,HebRoot=כפי,1,1.298802504091228e-05
1980s,HebRoot=בקע,1,1.298802504091228e-05
1980s,HebRoot=תפף,1,1.298802504091228e-05
1980s,HebRoot=נשׁך,1,1.298802504091228e-05
1980s,HebRoot=בחל,1,1.298802504091228e-05
1980s,HebRoot=מלט,1,1.298802504091228e-05
1980s,HebRoot=צוד,1,1.298802504091228e-05
1980s,HebRoot=צדק,1,1.298802504091228e-05
1980s,HebRoot=מטר,1,1.298802504091228e-05
1980s,HebRoot=שׂוח,1,1.298802504091228e-05
1980s,HebRoot=שׁנק,1,1.298802504091228e-05
1980s,HebRoot=יני,1,1.298802504091228e-05
1980s,AramaicBinyan=ITPAAL,1,1.298802504091228e-05
1980s,AramaicRoot=יהר,1,1.298802504091228e-05
1980s,HebRoot=תפשׂ,1,1.298802504091228e-05
1980s,HebRoot=צפר,1,1.298802504091228e-05
1980s,HebRoot=מדד,1,1.298802504091228e-05
1980s,HebRoot=התל,1,1.298802504091228e-05
1980s,HebRoot=חלל,1,1.298802504091228e-05
1980s,HebRoot=ספד,1,1.298802504091228e-05
1980s,HebRoot=כסף,1,1.298802504091228e-05
1980s,HebRoot=כין,1,1.298802504091228e-05
1980s,HebRoot=מזג,1,1.298802504091228e-05
1980s,HebRoot=קמר,1,1.298802504091228e-05
1980s,HebRoot=כלא,1,1.298802504091228e-05
1980s,HebRoot=פסל,1,1.298802504091228e-05
1980s,HebRoot=לטשׁ,1,1.298802504091228e-05
1980s,HebRoot=מני,1,1.298802504091228e-05
1980s,HebRoot=ברא,1,1.298802504091228e-05
1980s,HebRoot=ערם,1,1.298802504091228e-05
1980s,HebRoot=אפר,1,1.298802504091228e-05
1980s,HebRoot=קסם,1,1.298802504091228e-05
1980s,HebRoot=זהי,1,1.298802504091228e-05
1980s,HebRoot=רקע,1,1.298802504091228e-05
1980s,HebRoot=כער,1,1.298802504091228e-05
1980s,HebRoot=טבל,1,1.298802504091228e-05
1980s,HebRoot=שׁבי,1,1.298802504091228e-05
1980s,HebRoot=שׁתת,1,1.298802504091228e-05
1980s,HebRoot=נזע,1,1.298802504091228e-05
1980s,HebRoot=נדב,1,1.298802504091228e-05
1980s,HebRoot=רגז,1,1.298802504091228e-05
1980s,HebRoot=חשׁשׁ,1,1.298802504091228e-05
1980s,HebRoot=חפר,1,1.298802504091228e-05
1980s,HebRoot=טוס,1,1.298802504091228e-05
1980s,HebRoot=גיל,1,1.298802504091228e-05
1980s,HebRoot=טרד,1,1.298802504091228e-05
1980s,HebRoot=תכנן,1,1.298802504091228e-05
1980s,HebRoot=עלל,1,1.298802504091228e-05
1980s,HebRoot=ליט,1,1.298802504091228e-05
1980s,HebRoot=טלטל,1,1.298802504091228e-05
1980s,HebRoot=שׁרת,1,1.298802504091228e-05
1980s,HebRoot=קרע,1,1.298802504091228e-05
1980s,HebRoot=יצג,1,1.298802504091228e-05
1980s,HebRoot=צנח,1,1.298802504091228e-05
2000s,Number=Sing,15380,0.18455630887382252
2000s,Gender=Masc,11328,0.13593328133437332
2000s,Voice=Act,5089,0.06106677866442671
2000s,Gender=Fem,4419,0.05302693946121077
2000s,HebBinyan=PAAL,3623,0.043475130497390053
2000s,Number=Plur,3179,0.038147237055258895
2000s,PronType=Prs,3167,0.03800323993520129
2000s,"Gender=Fem,Masc",2854,0.03424731505369893
2000s,Person=3,2656,0.03187136257274854
2000s,Person=1,2577,0.030923381532369353
2000s,"Person=1,2,3",2540,0.030479390412191755
2000s,VerbForm=Part,2524,0.030287394252114956
2000s,PronType=Art,2475,0.029699406011879762
2000s,Person=2,1929,0.023147537049259016
2000s,Tense=Fut,1250,0.01499970000599988
2000s,Tense=Past,1203,0.014435711285774285
2000s,PronType=Neg,1004,0.012047759044819103
2000s,Polarity=Neg,998,0.011975760484790304
2000s,Definite=Cons,913,0.010955780884382312
2000s,VerbForm=Inf,878,0.010535789284214316
2000s,HebBinyan=HIFIL,726,0.00871182576348473
2000s,HebBinyan=PIEL,712,0.008543829123417532
2000s,Case=Gen,641,0.007691846163076738
2000s,PronType=Dem,632,0.007583848323033539
2000s,PronType=Int,624,0.00748785024299514
2000s,Definite=Def,494,0.005927881442371152
2000s,HebBinyan=NIFAL,403,0.004835903281934361
2000s,Voice=Mid,403,0.004835903281934361
2000s,Case=Acc,376,0.004511909761804764
2000s,HebBinyan=HITPAEL,374,0.004487910241795164
2000s,HebRoot=בוא,266,0.0031919361612767743
2000s,Mood=Imp,258,0.0030959380812383753
2000s,VerbType=Mod,221,0.0026519469610607788
2000s,VerbType=Cop,219,0.002627947441051179
2000s,HebRoot=ראי,211,0.00253194936101278
2000s,Polarity=Pos,182,0.0021839563208735824
2000s,HebExistential=True,166,0.001991960160796784
2000s,PronType=Ind,148,0.0017759644807103859
2000s,Case=Tem,146,0.001751964960700786
2000s,HebRoot=ידע,137,0.0016439671206575869
2000s,HebRoot=רצי,136,0.001631967360652787
2000s,"Gender=Fem, Masc",129,0.0015479690406191877
2000s,PronType=Tot,129,0.0015479690406191877
2000s,HebRoot=הלך,127,0.0015239695206095878
2000s,HebRoot=אמר,118,0.0014159716805663886
2000s,HebRoot=נתן,99,0.0011879762404751904
2000s,Voice=Pass,95,0.001139977200455991
2000s,HebRoot=שׁאר,93,0.001115977680446391
2000s,HebRoot=אהב,90,0.0010799784004319913
2000s,HebRoot=עשׂי,89,0.0010679786404271916
2000s,Number=Dual,78,0.0009359812803743925
2000s,HebRoot=עבר,78,0.0009359812803743925
2000s,HebRoot=היי,76,0.0009119817603647927
2000s,HebRoot=חזר,76,0.0009119817603647927
2000s,HebRoot=נגע,75,0.0008999820003599928
2000s,HebRoot=דבר,74,0.0008879822403551929
2000s,HebRoot=נגד,62,0.000743985120297594
2000s,HebRoot=רגשׁ,62,0.000743985120297594
2000s,HebRoot=חשׁב,58,0.0006959860802783944
2000s,HebRoot=קרי,57,0.0006839863202735946
2000s,HebRoot=מצא,53,0.000635987280254395
2000s,HebRoot=זכר,52,0.000623987520249595
2000s,HebRoot=רוץ,52,0.000623987520249595
2000s,HebRoot=בכי,50,0.0005999880002399952
2000s,HebRoot=עלי,49,0.0005879882402351952
2000s,HebRoot=נפל,48,0.0005759884802303954
2000s,HebRoot=ישׁב,46,0.0005519889602207956
2000s,HebBinyan=PUAL,46,0.0005519889602207956
2000s,HebRoot=יצא,45,0.0005399892002159956
2000s,HebRoot=שׁמע,45,0.0005399892002159956
2000s,HebRoot=חכי,44,0.0005279894402111958
2000s,HebRoot=קרא,40,0.00047999040019199615
2000s,HebBinyan=HUFAL,40,0.00047999040019199615
2000s,HebRoot=שׁני,39,0.0004679906401871963
2000s,HebRoot=עמד,38,0.00045599088018239634
2000s,HebRoot=ירד,38,0.00045599088018239634
2000s,HebRoot=תחל,37,0.00044399112017759647
2000s,HebRoot=משׁך,35,0.00041999160016799666
2000s,ense=Past,35,0.00041999160016799666
2000s,THebBinyan=PAAL,35,0.00041999160016799666
2000s,"Number=Plur,Sing",34,0.00040799184016319674
2000s,HebRoot=שׁאל,33,0.0003959920801583968
2000s,HebRoot=בון,33,0.0003959920801583968
2000s,HebRoot=שׁיר,33,0.0003959920801583968
2000s,HebRoot=לקח,32,0.00038399232015359693
2000s,HebRoot=גמר,31,0.000371992560148797
2000s,HebRoot=נסי,31,0.000371992560148797
2000s,HebRoot=חיי,30,0.0003599928001439971
2000s,HebRoot=עוף,30,0.0003599928001439971
2000s,HebRoot=ספר,30,0.0003599928001439971
2000s,HebRoot=ישׁן,30,0.0003599928001439971
2000s,PronType=Emp,28,0.0003359932801343973
2000s,HebRoot=פסק,28,0.0003359932801343973
2000s,HebRoot=הפך,27,0.0003239935201295974
2000s,HebRoot=כתב,27,0.0003239935201295974
2000s,HebRoot=רום,27,0.0003239935201295974
2000s,Prefix=Yes,26,0.0003119937601247975
2000s,HebRoot=עזב,26,0.0003119937601247975
2000s,HebRoot=סכל,26,0.0003119937601247975
2000s,HebRoot=בקשׁ,26,0.0003119937601247975
2000s,HebRoot=חלם,25,0.0002999940001199976
2000s,HebRoot=מות,25,0.0002999940001199976
2000s,HebRoot=עלם,25,0.0002999940001199976
2000s,HebRoot=שׁכח,25,0.0002999940001199976
2000s,HebRoot=רקד,25,0.0002999940001199976
2000s,HebRoot=ותר,24,0.0002879942401151977
2000s,HebRoot=ברח,24,0.0002879942401151977
2000s,HebRoot=חפשׂ,24,0.0002879942401151977
2000s,HebRoot=עצר,24,0.0002879942401151977
2000s,HebRoot=נכר,23,0.0002759944801103978
2000s,PronType=Rel,22,0.0002639947201055979
2000s,HebRoot=פחד,21,0.000251994960100798
2000s,HebRoot=עני,21,0.000251994960100798
2000s,Aramaic=True,21,0.000251994960100798
2000s,HebRoot=,21,0.000251994960100798
2000s,HebRoot=כנס,21,0.000251994960100798
2000s,HebRoot=כאב,20,0.00023999520009599807
2000s,HebRoot=למד,20,0.00023999520009599807
2000s,HebRoot=שׁתק,20,0.00023999520009599807
2000s,HebRoot=נגן,20,0.00023999520009599807
2000s,HebRoot=חיך,20,0.00023999520009599807
2000s,HebRoot=פרד,19,0.00022799544009119817
2000s,HebRoot=שׁמר,19,0.00022799544009119817
2000s,HebRoot=שׁבר,19,0.00022799544009119817
2000s,HebRoot=חבק,19,0.00022799544009119817
2000s,HebRoot=שׁוב,19,0.00022799544009119817
2000s,HebRoot=שׁכב,18,0.00021599568008639827
2000s,HebRoot=אמן,18,0.00021599568008639827
2000s,HebRoot=נסע,18,0.00021599568008639827
2000s,NumType=Ord,18,0.00021599568008639827
2000s,HebRoot=קום,18,0.00021599568008639827
2000s,HebRoot=פתח,17,0.00020399592008159837
2000s,HebRoot=נשׂא,17,0.00020399592008159837
2000s,HebRoot=בלבל,17,0.00020399592008159837
2000s,HebRoot=נוח,17,0.00020399592008159837
2000s,HebRoot=תפס,16,0.00019199616007679847
2000s,HebRoot=נשׁם,16,0.00019199616007679847
2000s,HebRoot=קבל,16,0.00019199616007679847
2000s,HebRoot=שׂרף,16,0.00019199616007679847
2000s,HebRoot=עור,16,0.00019199616007679847
2000s,HebRoot=גלי,16,0.00019199616007679847
2000s,HebRoot=טוס,15,0.00017999640007199856
2000s,HebRoot=חזק,15,0.00017999640007199856
2000s,HebRoot=פגע,15,0.00017999640007199856
2000s,HebRoot=סבב,15,0.00017999640007199856
2000s,HebRoot=נבט,15,0.00017999640007199856
2000s,HebRoot=צעק,15,0.00017999640007199856
2000s,HebRoot=קשׁב,14,0.00016799664006719866
2000s,HebRoot=זוז,14,0.00016799664006719866
2000s,HebRoot=צחק,14,0.00016799664006719866
2000s,HebRoot=אבד,14,0.00016799664006719866
2000s,HebRoot=בטח,14,0.00016799664006719866
2000s,HebRoot=דאג,14,0.00016799664006719866
2000s,HebRoot=שׁתי,14,0.00016799664006719866
2000s,HebRoot=קרב,13,0.00015599688006239876
2000s,HebRoot=חדר,13,0.00015599688006239876
2000s,HebRoot=לחשׁ,13,0.00015599688006239876
2000s,HebRoot=שׂחק,13,0.00015599688006239876
2000s,HebRoot=צלח,13,0.00015599688006239876
2000s,HebRoot=זרם,13,0.00015599688006239876
2000s,HebRoot=שׂים,13,0.00015599688006239876
2000s,HebRoot=פגשׁ,13,0.00015599688006239876
2000s,HebRoot=סגר,12,0.00014399712005759886
2000s,HebRoot=עטף,12,0.00014399712005759886
2000s,HebRoot=סתר,12,0.00014399712005759886
2000s,HebRoot=שׁלם,12,0.00014399712005759886
2000s,HebRoot=פצץ,12,0.00014399712005759886
2000s,HebRoot=שׁקע,12,0.00014399712005759886
2000s,HebRoot=נצח,12,0.00014399712005759886
2000s,HebRoot=דלק,11,0.00013199736005279895
2000s,HebRoot=דפק,11,0.00013199736005279895
2000s,HebRoot=שׁלח,11,0.00013199736005279895
2000s,HebRoot=גשׁם,11,0.00013199736005279895
2000s,HebRoot=קני,11,0.00013199736005279895
2000s,HebRoot=רשׁם,11,0.00013199736005279895
2000s,HebRoot=דמי,10,0.00011999760004799904
2000s,HebRoot=חלק,10,0.00011999760004799904
2000s,HebRoot=נשׁק,10,0.00011999760004799904
2000s,HebRoot=חלף,10,0.00011999760004799904
2000s,HebRoot=זמן,10,0.00011999760004799904
2000s,HebRoot=לבשׁ,10,0.00011999760004799904
2000s,HebRoot=אכל,10,0.00011999760004799904
2000s,HebRoot=שׂרד,10,0.00011999760004799904
2000s,HebRoot=נצל,10,0.00011999760004799904
2000s,HebRoot=זכי,10,0.00011999760004799904
2000s,HebRoot=חבר,10,0.00011999760004799904
2000s,HebRoot=כון,10,0.00011999760004799904
2000s,HebRoot=עזר,10,0.00011999760004799904
2000s,HebRoot=צמד,10,0.00011999760004799904
2000s,HebRoot=שׁבע,10,0.00011999760004799904
2000s,HebRoot=מרי,10,0.00011999760004799904
2000s,NumType=Card,9,0.00010799784004319914
2000s,HebRoot=פרק,9,0.00010799784004319914
2000s,HebRoot=לחם,9,0.00010799784004319914
2000s,HebRoot=קוי,9,0.00010799784004319914
2000s,HebRoot=פרח,9,0.00010799784004319914
2000s,HebRoot=ילד,9,0.00010799784004319914
2000s,HebRoot=צפי,9,0.00010799784004319914
2000s,HebRoot=רעד,8,9.599808003839923e-05
2000s,HebRoot=עבד,8,9.599808003839923e-05
2000s,HebRoot=שׁחרר,8,9.599808003839923e-05
2000s,HebRoot=קשׁר,8,9.599808003839923e-05
2000s,HebRoot=שׁלט,8,9.599808003839923e-05
2000s,HebRoot=אחז,8,9.599808003839923e-05
2000s,HebRoot=אסף,8,9.599808003839923e-05
2000s,Tense=Present,8,9.599808003839923e-05
2000s,HebRoot=יכל,8,9.599808003839923e-05
2000s,HebRoot=דין,7,8.399832003359933e-05
2000s,HebRoot=רדם,7,8.399832003359933e-05
2000s,HebRoot=סלח,7,8.399832003359933e-05
2000s,HebRoot=עצם,7,8.399832003359933e-05
2000s,HebRoot=גדל,7,8.399832003359933e-05
2000s,HebRoot=רגע,7,8.399832003359933e-05
2000s,HebRoot=זרח,7,8.399832003359933e-05
2000s,HebRoot=הרג,7,8.399832003359933e-05
2000s,HebRoot=קפץ,7,8.399832003359933e-05
2000s,HebRoot=שׁגע,7,8.399832003359933e-05
2000s,HebRoot=זרק,7,8.399832003359933e-05
2000s,HebRoot=סאב,7,8.399832003359933e-05
2000s,HebRoot=שׁדל,7,8.399832003359933e-05
2000s,Case=Nom,7,8.399832003359933e-05
2000s,HebRoot=בחר,7,8.399832003359933e-05
2000s,HebRoot=קלט,6,7.199856002879943e-05
2000s,HebRoot=בזבז,6,7.199856002879943e-05
2000s,HebRoot=חבא,6,7.199856002879943e-05
2000s,HebRoot=כעס,6,7.199856002879943e-05
2000s,HebRoot=שׂמח,6,7.199856002879943e-05
2000s,HebRoot=ערבב,6,7.199856002879943e-05
2000s,HebRoot=כבי,6,7.199856002879943e-05
2000s,HebRoot=צרח,6,7.199856002879943e-05
2000s,HebRoot=עשׁן,6,7.199856002879943e-05
2000s,HebRoot=דבק,6,7.199856002879943e-05
2000s,HebRoot=בני,6,7.199856002879943e-05
2000s,HebRoot=רחק,6,7.199856002879943e-05
2000s,HebRoot=לטף,6,7.199856002879943e-05
2000s,HebRoot=מנע,6,7.199856002879943e-05
2000s,HebRoot=דמם,6,7.199856002879943e-05
2000s,HebRoot=צער,6,7.199856002879943e-05
2000s,HebRoot=בחן,6,7.199856002879943e-05
2000s,HebRoot=שׁוט,6,7.199856002879943e-05
2000s,HebRoot=נחת,6,7.199856002879943e-05
2000s,HebRoot=חתן,6,7.199856002879943e-05
2000s,HebRoot=שׁקר,6,7.199856002879943e-05
2000s,HebRoot=טהר,6,7.199856002879943e-05
2000s,HebRoot=הדהד,5,5.999880002399952e-05
2000s,HebRoot=גרם,5,5.999880002399952e-05
2000s,HebRoot=צרך,5,5.999880002399952e-05
2000s,HebRoot=פזר,5,5.999880002399952e-05
2000s,HebRoot=שׁקף,5,5.999880002399952e-05
2000s,HebRoot=טעי,5,5.999880002399952e-05
2000s,HebRoot=רצח,5,5.999880002399952e-05
2000s,HebRoot=נתר,5,5.999880002399952e-05
2000s,HebRoot=נכי,5,5.999880002399952e-05
2000s,HebRoot=רחף,5,5.999880002399952e-05
2000s,HebRoot=סדר,5,5.999880002399952e-05
2000s,HebRoot=גור,5,5.999880002399952e-05
2000s,HebRoot=סבר,5,5.999880002399952e-05
2000s,HebRoot=סנור,5,5.999880002399952e-05
2000s,HebRoot=שׁטף,5,5.999880002399952e-05
2000s,HebRoot=פלל,5,5.999880002399952e-05
2000s,HebRoot=מכר,5,5.999880002399952e-05
2000s,HebRoot=רחם,5,5.999880002399952e-05
2000s,HebRoot=בער,5,5.999880002399952e-05
2000s,HebRoot=ציר,5,5.999880002399952e-05
2000s,HebRoot=גרר,5,5.999880002399952e-05
2000s,HebRoot=אור,5,5.999880002399952e-05
2000s,HebRoot=ריק,4,4.7999040019199616e-05
2000s,HebRoot=באס,4,4.7999040019199616e-05
2000s,HebRoot=יבל,4,4.7999040019199616e-05
2000s,HebRoot=רטב,4,4.7999040019199616e-05
2000s,HebRoot=סכם,4,4.7999040019199616e-05
2000s,HebRoot=מלמל,4,4.7999040019199616e-05
2000s,HebRoot=צור,4,4.7999040019199616e-05
2000s,HebRoot=רני,4,4.7999040019199616e-05
2000s,HebRoot=פתע,4,4.7999040019199616e-05
2000s,HebRoot=פתי,4,4.7999040019199616e-05
2000s,HebRoot=פצע,4,4.7999040019199616e-05
2000s,HebRoot=בלע,4,4.7999040019199616e-05
2000s,HebRoot=גבר,4,4.7999040019199616e-05
2000s,HebRoot=חשׁק,4,4.7999040019199616e-05
2000s,HebRoot=טבע,4,4.7999040019199616e-05
2000s,HebRoot=שׁפך,4,4.7999040019199616e-05
2000s,HebRoot=נקף,4,4.7999040019199616e-05
2000s,HebRoot=מלא,4,4.7999040019199616e-05
2000s,HebRoot=חגג,4,4.7999040019199616e-05
2000s,HebRoot=כבשׁ,4,4.7999040019199616e-05
2000s,HebRoot=חשׁך,4,4.7999040019199616e-05
2000s,HebRoot=מרא,4,4.7999040019199616e-05
2000s,HebRoot=זרע,4,4.7999040019199616e-05
2000s,HebRoot=מהר,4,4.7999040019199616e-05
2000s,HebRoot=נוע,4,4.7999040019199616e-05
2000s,HebRoot=קרע,4,4.7999040019199616e-05
2000s,HebRoot=רדף,4,4.7999040019199616e-05
2000s,HebRoot=חטף,4,4.7999040019199616e-05
2000s,HebRoot=חתם,4,4.7999040019199616e-05
2000s,HebRoot=גנב,4,4.7999040019199616e-05
2000s,HebRoot=לכלך,4,4.7999040019199616e-05
2000s,HebRoot=זהר,4,4.7999040019199616e-05
2000s,DictaNote=Titular,4,4.7999040019199616e-05
2000s,HebRoot=פני,4,4.7999040019199616e-05
2000s,HebRoot=פקח,4,4.7999040019199616e-05
2000s,HebRoot=ארז,4,4.7999040019199616e-05
2000s,HebRoot=שׁאי,4,4.7999040019199616e-05
2000s,HebRoot=פלא,4,4.7999040019199616e-05
2000s,HebRoot=גבס,4,4.7999040019199616e-05
2000s,HebRoot=גלגל,4,4.7999040019199616e-05
2000s,HebRoot=שׁרק,4,4.7999040019199616e-05
2000s,HebRoot=עקף,4,4.7999040019199616e-05
2000s,HebRoot=קדם,4,4.7999040019199616e-05
2000s,DictaNote=Continue,4,4.7999040019199616e-05
2000s,HebRoot=נגב,4,4.7999040019199616e-05
2000s,HebRoot=צבר,4,4.7999040019199616e-05
2000s,HebRoot=יאשׁ,3,3.5999280014399714e-05
2000s,HebRoot=כין,3,3.5999280014399714e-05
2000s,HebRoot=צלצל,3,3.5999280014399714e-05
2000s,HebRoot=פרץ,3,3.5999280014399714e-05
2000s,HebRoot=בדק,3,3.5999280014399714e-05
2000s,HebRoot=דחי,3,3.5999280014399714e-05
2000s,HebRoot=הלם,3,3.5999280014399714e-05
2000s,HebRoot=פשׁט,3,3.5999280014399714e-05
2000s,HebRoot=יצג,3,3.5999280014399714e-05
2000s,HebRoot=ספק,3,3.5999280014399714e-05
2000s,HebRoot=ספי,3,3.5999280014399714e-05
2000s,HebRoot=צוף,3,3.5999280014399714e-05
2000s,HebRoot=כסי,3,3.5999280014399714e-05
2000s,HebRoot=טפטף,3,3.5999280014399714e-05
2000s,HebRoot=סים,3,3.5999280014399714e-05
2000s,HebRoot=טאט,3,3.5999280014399714e-05
2000s,HebRoot=תלי,3,3.5999280014399714e-05
2000s,HebRoot=מתן,3,3.5999280014399714e-05
2000s,HebRoot=תָּ'רֹאשׁ,3,3.5999280014399714e-05
2000s,HebRoot=נכל,3,3.5999280014399714e-05
2000s,HebRoot=פסע,3,3.5999280014399714e-05
2000s,HebRoot=נטף,3,3.5999280014399714e-05
2000s,HebRoot=גוע,3,3.5999280014399714e-05
2000s,HebRoot=געגע,3,3.5999280014399714e-05
2000s,HebRoot=ארך,3,3.5999280014399714e-05
2000s,HebRoot=ערך,3,3.5999280014399714e-05
2000s,HebRoot=חמק,3,3.5999280014399714e-05
2000s,HebRoot=חתך,3,3.5999280014399714e-05
2000s,HebRoot=חנק,3,3.5999280014399714e-05
2000s,HebRoot=בהל,3,3.5999280014399714e-05
2000s,HebRoot=ברא,3,3.5999280014399714e-05
2000s,HebRoot=עקשׁ,3,3.5999280014399714e-05
2000s,HebRoot=ציץ,3,3.5999280014399714e-05
2000s,HebRoot=גזר,3,3.5999280014399714e-05
2000s,HebRoot=בישׁ,3,3.5999280014399714e-05
2000s,HebRoot=זהי,3,3.5999280014399714e-05
2000s,HebRoot=קבע,3,3.5999280014399714e-05
2000s,HebRoot=ענין,3,3.5999280014399714e-05
2000s,HebRoot=נפנף,3,3.5999280014399714e-05
2000s,HebRoot=טיל,3,3.5999280014399714e-05
2000s,HebRoot=קדשׁ,3,3.5999280014399714e-05
2000s,HebRoot=פטר,3,3.5999280014399714e-05
2000s,HebRoot=רוח,3,3.5999280014399714e-05
2000s,HebRoot=פסד,3,3.5999280014399714e-05
2000s,HebRoot=סוף,3,3.5999280014399714e-05
2000s,HebRoot=פרשׁ,3,3.5999280014399714e-05
2000s,HebRoot=חלט,3,3.5999280014399714e-05
2000s,HebRoot=לוי,3,3.5999280014399714e-05
2000s,HebRoot=דעך,3,3.5999280014399714e-05
2000s,HebRoot=זור,3,3.5999280014399714e-05
2000s,HebRoot=סרב,3,3.5999280014399714e-05
2000s,HebRoot=חול,3,3.5999280014399714e-05
2000s,HebRoot=נמר,3,3.5999280014399714e-05
2000s,HebRoot=נצץ,3,3.5999280014399714e-05
2000s,HebRoot=רפי,3,3.5999280014399714e-05
2000s,HebRoot=מושׁ,3,3.5999280014399714e-05
2000s,HebRoot=פסל,3,3.5999280014399714e-05
2000s,HebRoot=להט,3,3.5999280014399714e-05
2000s,HebRoot=אחד,2,2.3999520009599808e-05
2000s,HebRoot=סער,2,2.3999520009599808e-05
2000s,HebRoot=גזם,2,2.3999520009599808e-05
2000s,HebRoot=ירי,2,2.3999520009599808e-05
2000s,HebRoot=שׁהי,2,2.3999520009599808e-05
2000s,HebRoot=הסס,2,2.3999520009599808e-05
2000s,HebRoot=פ\ספ\ס,2,2.3999520009599808e-05
2000s,HebRoot=אטט,2,2.3999520009599808e-05
2000s,HebRoot=צין,2,2.3999520009599808e-05
2000s,HebRoot=חוי,2,2.3999520009599808e-05
2000s,HebRoot=גרשׁ,2,2.3999520009599808e-05
2000s,HebRoot=תסכל,2,2.3999520009599808e-05
2000s,HebRoot=נשׁר,2,2.3999520009599808e-05
2000s,HebRoot=שׂכל,2,2.3999520009599808e-05
2000s,HebRoot=צלם,2,2.3999520009599808e-05
2000s,HebRoot=נשׂג,2,2.3999520009599808e-05
2000s,HebRoot=נדנד,2,2.3999520009599808e-05
2000s,HebRoot=סרח,2,2.3999520009599808e-05
2000s,HebRoot=ירק,2,2.3999520009599808e-05
2000s,HebRoot=אזל,2,2.3999520009599808e-05
2000s,HebRoot=ישׁט,2,2.3999520009599808e-05
2000s,HebRoot=זנח,2,2.3999520009599808e-05
2000s,HebRoot=דמין,2,2.3999520009599808e-05
2000s,HebRoot=בשׂר,2,2.3999520009599808e-05
2000s,HebRoot=קלקל,2,2.3999520009599808e-05
2000s,HebRoot=סחף,2,2.3999520009599808e-05
2000s,HebRoot=חצי,2,2.3999520009599808e-05
2000s,HebRoot=פתר,2,2.3999520009599808e-05
2000s,HebRoot=דהר,2,2.3999520009599808e-05
2000s,HebRoot=בעט,2,2.3999520009599808e-05
2000s,HebRoot=שׂרט,2,2.3999520009599808e-05
2000s,HebRoot=געי,2,2.3999520009599808e-05
2000s,HebRoot=ילך,2,2.3999520009599808e-05
2000s,HebRoot=כסח,2,2.3999520009599808e-05
2000s,HebRoot=תכנן,2,2.3999520009599808e-05
2000s,HebRoot=חסר,2,2.3999520009599808e-05
2000s,HebRoot=סגל,2,2.3999520009599808e-05
2000s,HebRoot=נצנץ,2,2.3999520009599808e-05
2000s,AramaicBinyan=PAAL,2,2.3999520009599808e-05
2000s,HebRoot=עמעם,2,2.3999520009599808e-05
2000s,HebRoot=מתח,2,2.3999520009599808e-05
2000s,HebRoot=ריח,2,2.3999520009599808e-05
2000s,HebRoot=נעץ,2,2.3999520009599808e-05
2000s,HebRoot=מאס,2,2.3999520009599808e-05
2000s,HebRoot=משׁל,2,2.3999520009599808e-05
2000s,HebRoot=שׁמד,2,2.3999520009599808e-05
2000s,HebRoot=עלב,2,2.3999520009599808e-05
2000s,HebRoot=הרס,2,2.3999520009599808e-05
2000s,HebRoot=צדק,2,2.3999520009599808e-05
2000s,HebRoot=גלשׁ,2,2.3999520009599808e-05
2000s,HebRoot=פקר,2,2.3999520009599808e-05
2000s,HebRoot=חדל,2,2.3999520009599808e-05
2000s,HebRoot=חוג,2,2.3999520009599808e-05
2000s,HebRoot=נשׁב,2,2.3999520009599808e-05
2000s,HebRoot=נשׁך,2,2.3999520009599808e-05
2000s,HebRoot=חמם,2,2.3999520009599808e-05
2000s,HebRoot=עצבן,2,2.3999520009599808e-05
2000s,HebRoot=אלף,2,2.3999520009599808e-05
2000s,HebRoot=כרע,2,2.3999520009599808e-05
2000s,HebRoot=סחב,2,2.3999520009599808e-05
2000s,HebRoot=צוץ,2,2.3999520009599808e-05
2000s,HebRoot=כרח,2,2.3999520009599808e-05
2000s,HebRoot=טמטם,2,2.3999520009599808e-05
2000s,HebRoot=הני,2,2.3999520009599808e-05
2000s,HebRoot=בין,2,2.3999520009599808e-05
2000s,HebRoot=נעל,2,2.3999520009599808e-05
2000s,HebRoot=תמך,2,2.3999520009599808e-05
2000s,HebRoot=רפא,2,2.3999520009599808e-05
2000s,HebRoot=יפע,2,2.3999520009599808e-05
2000s,HebRoot=נשׁף,2,2.3999520009599808e-05
2000s,HebRoot=כפף,2,2.3999520009599808e-05
2000s,HebRoot=נפץ,2,2.3999520009599808e-05
2000s,HebRoot=מחק,2,2.3999520009599808e-05
2000s,HebRoot=דרשׁ,2,2.3999520009599808e-05
2000s,HebRoot=חרז,2,2.3999520009599808e-05
2000s,HebRoot=צוק,2,2.3999520009599808e-05
2000s,HebRoot=זלג,2,2.3999520009599808e-05
2000s,HebRoot=בשׁל,2,2.3999520009599808e-05
2000s,HebRoot=שׁלב,2,2.3999520009599808e-05
2000s,HebRoot=להב,2,2.3999520009599808e-05
2000s,HebRoot=נטי,2,2.3999520009599808e-05
2000s,HebRoot=חשׁשׁ,2,2.3999520009599808e-05
2000s,HebRoot=פצח,2,2.3999520009599808e-05
2000s,HebRoot=בקר,2,2.3999520009599808e-05
2000s,HebRoot=שׁתף,2,2.3999520009599808e-05
2000s,HebRoot=יסף,2,2.3999520009599808e-05
2000s,HebRoot=רקן,2,2.3999520009599808e-05
2000s,HebRoot=סגף,2,2.3999520009599808e-05
2000s,HebRoot=נגשׁ,2,2.3999520009599808e-05
2000s,HebRoot=קפא,2,2.3999520009599808e-05
2000s,HebRoot=כרם,2,2.3999520009599808e-05
2000s,HebRoot=פוג,2,2.3999520009599808e-05
2000s,HebRoot=אפשׁר,2,2.3999520009599808e-05
2000s,HebRoot=נזע,2,2.3999520009599808e-05
2000s,HebRoot=ערב,2,2.3999520009599808e-05
2000s,HebRoot=מזג,2,2.3999520009599808e-05
2000s,HebRoot=עיף,2,2.3999520009599808e-05
2000s,HebRoot=צלל,2,2.3999520009599808e-05
2000s,HebRoot=קלע,2,2.3999520009599808e-05
2000s,HebRoot=נדד,2,2.3999520009599808e-05
2000s,HebRoot=נהל,2,2.3999520009599808e-05
2000s,HebRoot=דון,2,2.3999520009599808e-05
2000s,HebRoot=אזן,2,2.3999520009599808e-05
2000s,HebRoot=דחף,2,2.3999520009599808e-05
2000s,HebRoot=קוץ,2,2.3999520009599808e-05
2000s,HebRoot=פתל,2,2.3999520009599808e-05
2000s,HebRoot=הוה,2,2.3999520009599808e-05
2000s,HebRoot=נגה,2,2.3999520009599808e-05
2000s,HebRoot=הזי,2,2.3999520009599808e-05
2000s,HebRoot=כלי,2,2.3999520009599808e-05
2000s,HebRoot=נתק,2,2.3999520009599808e-05
2000s,HebRoot=שׁכן,2,2.3999520009599808e-05
2000s,HebRoot=פ\שׁל,1,1.1999760004799904e-05
2000s,HebRoot=כוץ,1,1.1999760004799904e-05
2000s,HebRoot=להטט,1,1.1999760004799904e-05
2000s,HebRoot=ארק,1,1.1999760004799904e-05
2000s,HebRoot=תאם,1,1.1999760004799904e-05
2000s,HebRoot=זין,1,1.1999760004799904e-05
2000s,HebRoot=גבל,1,1.1999760004799904e-05
2000s,HebRoot=שׁחק,1,1.1999760004799904e-05
2000s,HebRoot=שׁלל,1,1.1999760004799904e-05
2000s,HebRoot=סחט,1,1.1999760004799904e-05
2000s,HebRoot=מני,1,1.1999760004799904e-05
2000s,HebRoot=דוך,1,1.1999760004799904e-05
2000s,HebRoot=טפס,1,1.1999760004799904e-05
2000s,HebRoot=זחל,1,1.1999760004799904e-05
2000s,HebRoot=יבשׁ,1,1.1999760004799904e-05
2000s,HebRoot=דלף,1,1.1999760004799904e-05
2000s,HebRoot=גבה,1,1.1999760004799904e-05
2000s,HebRoot=לון,1,1.1999760004799904e-05
2000s,HebRoot=שׁבת,1,1.1999760004799904e-05
2000s,HebRoot=בוך,1,1.1999760004799904e-05
2000s,HebRoot=נדח,1,1.1999760004799904e-05
2000s,HebRoot=כלא,1,1.1999760004799904e-05
2000s,HebRoot=מוט,1,1.1999760004799904e-05
2000s,HebRoot=חלל,1,1.1999760004799904e-05
2000s,HebRoot=אבל,1,1.1999760004799904e-05
2000s,HebRoot=פלסף,1,1.1999760004799904e-05
2000s,HebRoot=רכז,1,1.1999760004799904e-05
2000s,HebRoot=פוץ,1,1.1999760004799904e-05
2000s,HebRoot=יצר,1,1.1999760004799904e-05
2000s,HebRoot=שׁפרץ,1,1.1999760004799904e-05
2000s,HebRoot=מרד,1,1.1999760004799904e-05
2000s,HebRoot=שׁתל,1,1.1999760004799904e-05
2000s,HebRoot=שׁקק,1,1.1999760004799904e-05
2000s,HebRoot=בדד,1,1.1999760004799904e-05
2000s,HebRoot=דאי,1,1.1999760004799904e-05
2000s,HebRoot=המם,1,1.1999760004799904e-05
2000s,HebRoot=אבק,1,1.1999760004799904e-05
2000s,HebRoot=בהק,1,1.1999760004799904e-05
2000s,HebRoot=חשׁד,1,1.1999760004799904e-05
2000s,HebRoot=צוד,1,1.1999760004799904e-05
2000s,HebRoot=כרבל,1,1.1999760004799904e-05
2000s,ADV,1,1.1999760004799904e-05
2000s,HebRoot=יצע,1,1.1999760004799904e-05
2000s,HebRoot=רחשׁ,1,1.1999760004799904e-05
2000s,HebRoot=קנא,1,1.1999760004799904e-05
2000s,HebRoot=פאר,1,1.1999760004799904e-05
2000s,HebRoot=אמץ,1,1.1999760004799904e-05
2000s,HebRoot=סלל,1,1.1999760004799904e-05
2000s,HebRoot=המר,1,1.1999760004799904e-05
2000s,HebRoot=וכח,1,1.1999760004799904e-05
2000s,HebRoot=יחד,1,1.1999760004799904e-05
2000s,AramaicRoot=גזז,1,1.1999760004799904e-05
2000s,HebRoot=רפף,1,1.1999760004799904e-05
2000s,HebRoot=נוק,1,1.1999760004799904e-05
2000s,HebRoot=חמשׁ,1,1.1999760004799904e-05
2000s,HebRoot=מרח,1,1.1999760004799904e-05
2000s,HebRoot=צדע,1,1.1999760004799904e-05
2000s,HebRoot=גרד,1,1.1999760004799904e-05
2000s,HebRoot=ביץ,1,1.1999760004799904e-05
2000s,HebRoot=טחן,1,1.1999760004799904e-05
2000s,HebRoot=פצי,1,1.1999760004799904e-05
2000s,HebRoot=שׁבי,1,1.1999760004799904e-05
2000s,HebRoot=פ\לרטט,1,1.1999760004799904e-05
2000s,HebRoot=ילל,1,1.1999760004799904e-05
2000s,HebRoot=עתק,1,1.1999760004799904e-05
2000s,HebRoot=נתשׁ,1,1.1999760004799904e-05
2000s,HebRoot=סבך,1,1.1999760004799904e-05
2000s,HebRoot=ברך,1,1.1999760004799904e-05
2000s,HebRoot=שׁגח,1,1.1999760004799904e-05
2000s,HebRoot=קצץ,1,1.1999760004799904e-05
2000s,HebRoot=דלג,1,1.1999760004799904e-05
2000s,HebRoot=נחשׁ,1,1.1999760004799904e-05
2000s,HebRoot=קפל,1,1.1999760004799904e-05
2000s,HebRoot=חשׂף,1,1.1999760004799904e-05
2000s,HebRoot=ענטז,1,1.1999760004799904e-05
2000s,HebRoot=דנג,1,1.1999760004799904e-05
2000s,HebRoot=טרד,1,1.1999760004799904e-05
2000s,HebRoot=מור,1,1.1999760004799904e-05
2000s,HebRoot=רתי,1,1.1999760004799904e-05
2000s,HebRoot=כחכח,1,1.1999760004799904e-05
2000s,HebRoot=פוס,1,1.1999760004799904e-05
2000s,HebRoot=שׁען,1,1.1999760004799904e-05
2000s,HebRoot=סלבט,1,1.1999760004799904e-05
2000s,HebRoot=אפק,1,1.1999760004799904e-05
2000s,HebRoot=טוח,1,1.1999760004799904e-05
2000s,HebRoot=גוב,1,1.1999760004799904e-05
2000s,HebRoot=תחב,1,1.1999760004799904e-05
2000s,HebRoot=דגשׁ,1,1.1999760004799904e-05
2000s,HebRoot=שׁנק,1,1.1999760004799904e-05
2000s,HebRoot=שׁעל,1,1.1999760004799904e-05
2000s,HebRoot=כשׁל,1,1.1999760004799904e-05
2000s,HebRoot=עשׁת,1,1.1999760004799904e-05
2000s,HebRoot=סבל,1,1.1999760004799904e-05
2000s,HebRoot=רבץ,1,1.1999760004799904e-05
2000s,HebRoot=אכזב,1,1.1999760004799904e-05
2000s,HebRoot=רכב,1,1.1999760004799904e-05
2000s,HebRoot=דהם,1,1.1999760004799904e-05
2000s,HebRoot=תקע,1,1.1999760004799904e-05
2000s,HebRoot=חלד,1,1.1999760004799904e-05
2000s,HebRoot=מסר,1,1.1999760004799904e-05
2000s,HebRoot=יחף,1,1.1999760004799904e-05
2000s,HebRoot=שׁלף,1,1.1999760004799904e-05
2000s,HebRoot=עסק,1,1.1999760004799904e-05
2000s,HebRoot=פלט,1,1.1999760004799904e-05
2000s,HebRoot=פוק,1,1.1999760004799904e-05
2000s,HebRoot=צרצר,1,1.1999760004799904e-05
2000s,HebRoot=קשׁט,1,1.1999760004799904e-05
2000s,HebRoot=מסגר,1,1.1999760004799904e-05
2000s,HebRoot=סכן,1,1.1999760004799904e-05
2000s,HebRoot=גמגם,1,1.1999760004799904e-05
2000s,HebRoot=בגד,1,1.1999760004799904e-05
2000s,HebRoot=חסל,1,1.1999760004799904e-05
2000s,HebRoot=כחד,1,1.1999760004799904e-05
2000s,HebRoot=מגר,1,1.1999760004799904e-05
2000s,HebRoot=סמל,1,1.1999760004799904e-05
2000s,HebRoot=אות,1,1.1999760004799904e-05
2000s,HebRoot=ידי,1,1.1999760004799904e-05
2000s,HebRoot=ענד,1,1.1999760004799904e-05
2000s,HebRoot=תפף,1,1.1999760004799904e-05
2000s,AramaicRoot=בסם,1,1.1999760004799904e-05
2000s,HebRoot=מטר,1,1.1999760004799904e-05
2000s,HebRoot=חרשׁ,1,1.1999760004799904e-05
2000s,HebRoot=תור,1,1.1999760004799904e-05
2000s,HebRoot=לבן,1,1.1999760004799904e-05
2000s,HebRoot=קבר,1,1.1999760004799904e-05
2000s,HebRoot=צעף,1,1.1999760004799904e-05
2000s,HebRoot=יפיף,1,1.1999760004799904e-05
2000s,HebRoot=עגל,1,1.1999760004799904e-05
2000s,HebRoot=רתם,1,1.1999760004799904e-05
2000s,HebRoot=עטר,1,1.1999760004799904e-05
2000s,HebRoot=רמז,1,1.1999760004799904e-05
2000s,HebRoot=מצץ,1,1.1999760004799904e-05
2000s,HebRoot=פעל,1,1.1999760004799904e-05
2000s,HebRoot=מחי,1,1.1999760004799904e-05
2000s,HebRoot=ישׁע,1,1.1999760004799904e-05
2000s,HebRoot=פרט,1,1.1999760004799904e-05
2000s,HebRoot=חנן,1,1.1999760004799904e-05
2000s,HebRoot=חיב,1,1.1999760004799904e-05
2000s,HebRoot=גנח,1,1.1999760004799904e-05
2000s,HebRoot=אנח,1,1.1999760004799904e-05
2000s,HebRoot=זעק,1,1.1999760004799904e-05
2000s, Number=Sing,1,1.1999760004799904e-05
2000s, Person=3,1,1.1999760004799904e-05
2000s,HebRoot=שׁדר,1,1.1999760004799904e-05
2000s,HebRoot=שׁוי,1,1.1999760004799904e-05
2000s,HebRoot=שׁמשׁ,1,1.1999760004799904e-05
2000s,HebRoot=בהר,1,1.1999760004799904e-05
2000s,HebRoot=עדי,1,1.1999760004799904e-05
2000s,HebRoot=צבע,1,1.1999760004799904e-05
2000s,HebRoot=טשׁטשׁ,1,1.1999760004799904e-05
2000s,HebRoot=הבהב,1,1.1999760004799904e-05
2000s,HebRoot=קטף,1,1.1999760004799904e-05
2000s,HebRoot=גאל,1,1.1999760004799904e-05
2000s,HebRoot=נגס,1,1.1999760004799904e-05
2000s,HebRoot=קבץ,1,1.1999760004799904e-05
2000s,HebRoot=סוֹלִיקוֹ,1,1.1999760004799904e-05
2000s,HebRoot=ודי,1,1.1999760004799904e-05
2000s,HebRoot=סנק,1,1.1999760004799904e-05
2000s,HebRoot=ערק,1,1.1999760004799904e-05
2000s,Number=SingNumType=Ord,1,1.1999760004799904e-05
2000s,HebRoot=עין,1,1.1999760004799904e-05
2000s,HebRoot=רפק,1,1.1999760004799904e-05
2000s,HebRoot=צלף,1,1.1999760004799904e-05
2000s,HebRoot=קצר,1,1.1999760004799904e-05
2000s,HebRoot=רקב,1,1.1999760004799904e-05
2000s,HebRoot=קצף,1,1.1999760004799904e-05
2000s,HebRoot=פנק,1,1.1999760004799904e-05
2000s,HebRoot=צעד,1,1.1999760004799904e-05
2000s,HebRoot=טגן,1,1.1999760004799904e-05
2000s,HebRoot=מוח,1,1.1999760004799904e-05
2000s,HebRoot=אחסן,1,1.1999760004799904e-05
2000s,HebRoot=מתג,1,1.1999760004799904e-05
2000s,HebRoot=שׁמן,1,1.1999760004799904e-05
2000s,HebRoot=נהג,1,1.1999760004799904e-05
2000s,HebRoot=חנך,1,1.1999760004799904e-05
2000s,HebRoot=דחס,1,1.1999760004799904e-05
2000s,HebRoot=תיק,1,1.1999760004799904e-05
2000s,HebRoot=שׁוק,1,1.1999760004799904e-05
2000s,HebRoot=קלף,1,1.1999760004799904e-05
2000s,HebRoot=זקק,1,1.1999760004799904e-05
2000s,HebRoot=נגח,1,1.1999760004799904e-05
2000s,HebRoot=חסם,1,1.1999760004799904e-05
2000s,HebRoot=בלט,1,1.1999760004799904e-05
2000s,HebRoot=סמן,1,1.1999760004799904e-05
2000s,HebRoot=אסטר,1,1.1999760004799904e-05
2000s,HebRoot=לקי,1,1.1999760004799904e-05
2000s,HebRoot=שׁחד,1,1.1999760004799904e-05
2000s,HebRoot=חפץ,1,1.1999760004799904e-05
2000s,HebRoot=סחבק,1,1.1999760004799904e-05
2000s,HebRoot=חטא,1,1.1999760004799904e-05
2000s,HebRoot=נזק,1,1.1999760004799904e-05
2000s,HebRoot=נתך,1,1.1999760004799904e-05
2000s,HebRoot=רבי,1,1.1999760004799904e-05
2000s,HebRoot=מקם,1,1.1999760004799904e-05
2000s,HebRoot=עקם,1,1.1999760004799904e-05
2000s,HebRoot=שׁקם,1,1.1999760004799904e-05
2000s,HebRoot=פרסם,1,1.1999760004799904e-05
2000s,HebRoot=טפח,1,1.1999760004799904e-05
2000s,HebRoot=טפל,1,1.1999760004799904e-05
2000s,HebRoot=בשׂם,1,1.1999760004799904e-05
2000s,HebRoot=רקם,1,1.1999760004799904e-05
2000s,HebRoot=תפר,1,1.1999760004799904e-05
2000s,HebRoot=פרם,1,1.1999760004799904e-05
2000s,HebRoot=מעד,1,1.1999760004799904e-05
2000s,HebRoot=אדם,1,1.1999760004799904e-05
2000s,HebRoot=פלג,1,1.1999760004799904e-05
2000s,HebRoot=שׁפר,1,1.1999760004799904e-05
2000s,HebRoot=מסס,1,1.1999760004799904e-05
2000s,HebRoot=ענג,1,1.1999760004799904e-05
2000s,HebRoot=חסך,1,1.1999760004799904e-05
2000s,HebRoot=נקי,1,1.1999760004799904e-05
2000s,HebRoot=מחא,1,1.1999760004799904e-05
2000s,HebRoot=לחן,1,1.1999760004799904e-05
2000s,HebRoot=זיף,1,1.1999760004799904e-05
2000s,HebRoot=קים,1,1.1999760004799904e-05
2000s,HebRoot=הדק,1,1.1999760004799904e-05
2000s,HebRoot=עוד,1,1.1999760004799904e-05
2000s,HebRoot=יסר,1,1.1999760004799904e-05
2000s,HebRoot=אטם,1,1.1999760004799904e-05
2000s,HebRoot=תמם,1,1.1999760004799904e-05
2000s,HebRoot=בטא,1,1.1999760004799904e-05
2000s,HebRoot=צרב,1,1.1999760004799904e-05
2000s,HebRoot=קהי,1,1.1999760004799904e-05
2000s,HebRoot=אחר,1,1.1999760004799904e-05
2000s,HebRoot=ממשׁ,1,1.1999760004799904e-05
2000s,HebRoot=כול,1,1.1999760004799904e-05
2000s,HebRoot=פוח,1,1.1999760004799904e-05
2000s,HebRoot=עדף,1,1.1999760004799904e-05
2000s,HebRoot=יתר,1,1.1999760004799904e-05
2000s,HebRoot=הדף,1,1.1999760004799904e-05
2000s,HebRoot=פעם,1,1.1999760004799904e-05
2000s,HebRoot=ריב,1,1.1999760004799904e-05
2000s,HebRoot=כנע,1,1.1999760004799904e-05
2000s,PronType=In,1,1.1999760004799904e-05
2000s,HebRoot=גיל,1,1.1999760004799904e-05
2000s,HebRoot=נוי,1,1.1999760004799904e-05
2000s,HebRoot=סעד,1,1.1999760004799904e-05
2000s,HebRoot=שׁכנע,1,1.1999760004799904e-05
2000s,HebRoot=חבי,1,1.1999760004799904e-05
2000s,HebRoot=מתק,1,1.1999760004799904e-05
2000s,HebRoot=אשׁם,1,1.1999760004799904e-05
2000s,HebRoot=עדד,1,1.1999760004799904e-05
2000s,HebRoot=יצק,1,1.1999760004799904e-05
2000s,HebRoot=רעע,1,1.1999760004799904e-05
2000s,NumType=Mult,1,1.1999760004799904e-05
2000s,HebRoot=נול,1,1.1999760004799904e-05
2000s,HebRoot=בזי,1,1.1999760004799904e-05
2000s,HebRoot=פתק,1,1.1999760004799904e-05
2000s,HebRoot=מספר,1,1.1999760004799904e-05
2000s,HebRoot=ירשׁ,1,1.1999760004799904e-05
2000s,HebRoot=טרק,1,1.1999760004799904e-05
2000s,HebRoot=קשׁת,1,1.1999760004799904e-05
2000s,HebRoot=פשׁל,1,1.1999760004799904e-05
2000s,HebRoot=נכשׁ,1,1.1999760004799904e-05
2000s,HebRoot=צרף,1,1.1999760004799904e-05
2000s,HebRoot=טעם,1,1.1999760004799904e-05
2000s,HebRoot=אפס,1,1.1999760004799904e-05
2000s,HebRoot=תלשׁ,1,1.1999760004799904e-05
2000s,HebRoot=אהד,1,1.1999760004799904e-05
2000s,HebRoot=סחרר,1,1.1999760004799904e-05
2000s,HebRoot=רחץ,1,1.1999760004799904e-05
2000s,HebRoot=שׂרטט,1,1.1999760004799904e-05
2000s,HebRoot=לקט,1,1.1999760004799904e-05
2000s,HebRoot=צלב,1,1.1999760004799904e-05
2000s,HebRoot=שׁדד,1,1.1999760004799904e-05
2000s,HebRoot=חתל,1,1.1999760004799904e-05
2000s,HebRoot=דחק,1,1.1999760004799904e-05
2000s,HebRoot=אתי,1,1.1999760004799904e-05
2020s,Number=Sing,21037,0.18382397916830506
2020s,Gender=Masc,14738,0.12878251675535865
2020s,Voice=Act,7038,0.061498938317561015
2020s,Gender=Fem,5913,0.051668545363986684
2020s,PronType=Prs,4834,0.042240106255625166
2020s,HebBinyan=PAAL,4708,0.041139102244824845
2020s,"Gender=Fem,Masc",4217,0.03684868185353152
2020s,Person=1,4126,0.03605351229017573
2020s,Number=Plur,3844,0.033589360456479755
2020s,Person=2,3455,0.0301902290263105
2020s,Person=3,3424,0.029919347087145342
2020s,PronType=Art,3092,0.027018288899957183
2020s,"Person=1,2,3",3059,0.026729930706652336
2020s,VerbForm=Part,3003,0.02624059559074108
2020s,Tense=Fut,2072,0.018105399288716458
2020s,Tense=Past,1764,0.015414056151204551
2020s,PronType=Neg,1690,0.014767434748036106
2020s,Polarity=Neg,1678,0.01466257722319798
2020s,PronType=Int,1134,0.009909036097202926
2020s,HebBinyan=HIFIL,1121,0.009795440445294956
2020s,VerbForm=Inf,1060,0.009262414694034481
2020s,HebBinyan=PIEL,1013,0.00885172272175182
2020s,Definite=Cons,949,0.008292482589281813
2020s,PronType=Dem,900,0.007864314362859465
2020s,Case=Gen,827,0.007226431086760863
2020s,Case=Acc,664,0.005802116374376316
2020s,Definite=Def,608,0.005312781258465061
2020s,HebBinyan=NIFAL,457,0.003993324070918639
2020s,Voice=Mid,457,0.003993324070918639
2020s,HebRoot=בוא,426,0.00372244213175348
2020s,HebBinyan=HITPAEL,418,0.003652537115194729
2020s,VerbType=Cop,340,0.0029709632037469087
2020s,Mood=Imp,327,0.0028573675518389387
2020s,HebExistential=True,264,0.002306865546438776
2020s,Polarity=Pos,264,0.002306865546438776
2020s,VerbType=Mod,259,0.0022631749110895573
2020s,"Gender=Fem, Masc",238,0.0020796742426228364
2020s,Aramaic=True,218,0.0019049117012259593
2020s,PronType=Ind,217,0.0018961735741561154
2020s,HebRoot=ראי,214,0.0018699591929465839
2020s,PronType=Tot,209,0.0018262685575973646
2020s,HebRoot=עשׂי,200,0.00174762541396877
2020s,HebRoot=נגד,194,0.001695196651549707
2020s,HebRoot=רצי,189,0.0016515060162004876
2020s,HebRoot=ידע,177,0.0015466484913623615
2020s,HebRoot=הלך,161,0.0014068384582448597
2020s,AramaicBinyan=PAAL,160,0.001398100331175016
2020s,AramaicRoot=לבי,148,0.0012932428063368898
2020s,HebRoot=אמר,140,0.001223337789778139
2020s,HebRoot=אהב,128,0.0011184802649400127
2020s,Case=Tem,128,0.0011184802649400127
2020s,HebRoot=נתן,124,0.0010835277566606373
2020s,Number=Dual,120,0.001048575248381262
2020s,HebRoot=היי,115,0.0010048846130320426
2020s,HebRoot=חזר,103,0.0009000270881939165
2020s,HebRoot=נגע,96,0.0008388601987050096
2020s,Voice=Pass,91,0.0007951695633557903
2020s,HebRoot=דבר,90,0.0007864314362859465
2020s,HebRoot=יצא,87,0.0007602170550764149
2020s,HebRoot=לקח,85,0.0007427408009367272
2020s,HebRoot=עבר,81,0.0007077882926573518
2020s,HebRoot=גמר,78,0.0006815739114478203
2020s,HebRoot=נפל,78,0.0006815739114478203
2020s,HebRoot=,78,0.0006815739114478203
2020s,HebRoot=חפשׂ,77,0.0006728357843779764
2020s,HebRoot=חשׁב,71,0.0006204070219589133
2020s,HebRoot=זכר,70,0.0006116688948890695
2020s,HebRoot=מצא,70,0.0006116688948890695
2020s,HebRoot=שׁאר,68,0.0005941926407493817
2020s,HebRoot=רגשׁ,65,0.0005679782595398502
2020s,HebRoot=עלי,63,0.0005505020054001625
2020s,HebRoot=חכי,63,0.0005505020054001625
2020s,HebRoot=שׁבר,58,0.0005068113700509433
2020s,PronType=Emp,58,0.0005068113700509433
2020s,HebBinyan=PUAL,55,0.0004805969888414117
2020s,HebRoot=בכי,55,0.0004805969888414117
2020s,HebRoot=שׂים,55,0.0004805969888414117
2020s,HebRoot=פחד,52,0.00045438260763188017
2020s,HebRoot=בון,52,0.00045438260763188017
2020s,HebRoot=רקד,51,0.0004456444805620363
2020s,HebRoot=עזב,51,0.0004456444805620363
2020s,HebRoot=שׁתי,50,0.0004369063534921925
2020s,ense=Past,49,0.00042816822642234863
2020s,THebBinyan=PAAL,49,0.00042816822642234863
2020s,HebRoot=כתב,46,0.0004019538452128171
2020s,HebRoot=שׁיר,46,0.0004019538452128171
2020s,HebRoot=שׁני,46,0.0004019538452128171
2020s,HebRoot=קרי,45,0.00039321571814297324
2020s,HebRoot=קשׁב,44,0.0003844775910731294
2020s,HebRoot=הפך,44,0.0003844775910731294
2020s,HebRoot=קרא,44,0.0003844775910731294
2020s,HebRoot=פסק,42,0.0003670013369334417
2020s,HebRoot=בקשׁ,42,0.0003670013369334417
2020s,HebRoot=נסי,42,0.0003670013369334417
2020s,HebRoot=שׁאל,41,0.00035826320986359785
2020s,Prefix=Yes,41,0.00035826320986359785
2020s,PronType=Rel,39,0.00034078695572391015
2020s,HebRoot=פתח,39,0.00034078695572391015
2020s,HebRoot=חיי,39,0.00034078695572391015
2020s,HebRoot=שׁכח,38,0.0003320488286540663
2020s,HebRoot=שׁמע,38,0.0003320488286540663
2020s,HebRoot=תחל,37,0.00032331070158422246
2020s,HebRoot=אבד,36,0.0003145725745143786
2020s,HebRoot=ספר,36,0.0003145725745143786
2020s,HebRoot=ישׁב,34,0.00029709632037469086
2020s,HebRoot=חזק,34,0.00029709632037469086
2020s,HebRoot=קום,33,0.000288358193304847
2020s,HebRoot=שׁמר,33,0.000288358193304847
2020s,HebRoot=כאב,32,0.00027962006623500317
2020s,HebRoot=עור,32,0.00027962006623500317
2020s,HebRoot=שׂרף,32,0.00027962006623500317
2020s,HebRoot=סגר,30,0.0002621438120953155
2020s,HebRoot=זרק,30,0.0002621438120953155
2020s,HebRoot=זוז,30,0.0002621438120953155
2020s,HebRoot=קבל,29,0.0002534056850254716
2020s,HebRoot=ישׁן,29,0.0002534056850254716
2020s,NumType=Ord,29,0.0002534056850254716
2020s,HebRoot=ירד,29,0.0002534056850254716
2020s,HebRoot=שׁלם,28,0.0002446675579556278
2020s,HebRoot=רום,28,0.0002446675579556278
2020s,HebRoot=חלם,28,0.0002446675579556278
2020s,HebRoot=רוץ,28,0.0002446675579556278
2020s,HebRoot=ותר,27,0.00023592943088578393
2020s,HebRoot=כנס,27,0.00023592943088578393
2020s,HebRoot=נצל,26,0.00022719130381594008
2020s,HebRoot=עבד,26,0.00022719130381594008
2020s,HebRoot=נצח,26,0.00022719130381594008
2020s,HebRoot=דלק,26,0.00022719130381594008
2020s,HebRoot=נשׁם,25,0.00021845317674609624
2020s,HebRoot=סבב,25,0.00021845317674609624
2020s,HebRoot=חבק,24,0.0002097150496762524
2020s,HebRoot=עמד,24,0.0002097150496762524
2020s,HebRoot=דפק,24,0.0002097150496762524
2020s,HebRoot=עצר,23,0.00020097692260640854
2020s,HebRoot=צעק,23,0.00020097692260640854
2020s,HebRoot=עלם,23,0.00020097692260640854
2020s,HebRoot=טוס,23,0.00020097692260640854
2020s,HebRoot=משׁך,23,0.00020097692260640854
2020s,HebRoot=למד,22,0.0001922387955365647
2020s,"Number=Plur,Sing",22,0.0001922387955365647
2020s,HebRoot=רדם,22,0.0001922387955365647
2020s,HebRoot=בין,21,0.00018350066846672085
2020s,HebRoot=נכר,21,0.00018350066846672085
2020s,HebRoot=שׁלח,20,0.000174762541396877
2020s,HebBinyan=HUFAL,20,0.000174762541396877
2020s,HebRoot=דאג,19,0.00016602441432703315
2020s,HebRoot=סכל,19,0.00016602441432703315
2020s,HebRoot=שׂחק,19,0.00016602441432703315
2020s,HebRoot=פרד,18,0.0001572862872571893
2020s,HebRoot=נגן,18,0.0001572862872571893
2020s,HebRoot=צלח,18,0.0001572862872571893
2020s,HebRoot=עוף,18,0.0001572862872571893
2020s,HebRoot=סתר,18,0.0001572862872571893
2020s,HebRoot=אמן,18,0.0001572862872571893
2020s,HebRoot=ברח,18,0.0001572862872571893
2020s,HebRoot=רגע,18,0.0001572862872571893
2020s,HebRoot=חיך,17,0.00014854816018734543
2020s,HebRoot=טעי,17,0.00014854816018734543
2020s,HebRoot=שׁגע,17,0.00014854816018734543
2020s,NumType=Card,17,0.00014854816018734543
2020s,HebRoot=פסד,17,0.00014854816018734543
2020s,Number=SingNumType=Ord,17,0.00014854816018734543
2020s,HebRoot=אור,16,0.00013981003311750158
2020s,HebRoot=ידי,16,0.00013981003311750158
2020s,HebRoot=מות,16,0.00013981003311750158
2020s,HebRoot=סחב,16,0.00013981003311750158
2020s,HebRoot=ענין,15,0.00013107190604765774
2020s,HebRoot=שׂמח,15,0.00013107190604765774
2020s,HebRoot=זהר,14,0.0001223337789778139
2020s,HebRoot=נסע,14,0.0001223337789778139
2020s,HebRoot=צחק,14,0.0001223337789778139
2020s,HebRoot=שׁחרר,14,0.0001223337789778139
2020s,HebRoot=שׁוב,14,0.0001223337789778139
2020s,HebRoot=תפס,14,0.0001223337789778139
2020s,HebRoot=בטח,14,0.0001223337789778139
2020s,HebRoot=טרלל,14,0.0001223337789778139
2020s,HebRoot=מאס,14,0.0001223337789778139
2020s,HebRoot=קרב,14,0.0001223337789778139
2020s,HebRoot=פ\ספ\ס,14,0.0001223337789778139
2020s,HebRoot=המר,14,0.0001223337789778139
2020s,HebRoot=בער,13,0.00011359565190797004
2020s,HebRoot=עני,13,0.00011359565190797004
2020s,PronType=In,13,0.00011359565190797004
2020s,HebRoot=כון,13,0.00011359565190797004
2020s,HebRoot=בלי,12,0.0001048575248381262
2020s,HebRoot=בחר,12,0.0001048575248381262
2020s,HebRoot=שׁתק,12,0.0001048575248381262
2020s,HebRoot=זמן,12,0.0001048575248381262
2020s,HebRoot=געגע,12,0.0001048575248381262
2020s,HebRoot=קשׁר,12,0.0001048575248381262
2020s,HebRoot=קפץ,12,0.0001048575248381262
2020s,HebRoot=גלי,12,0.0001048575248381262
2020s,HebRoot=זרם,12,0.0001048575248381262
2020s,HebRoot=סבך,12,0.0001048575248381262
2020s,HebRoot=עזר,12,0.0001048575248381262
2020s,HebRoot=בני,11,9.611939776828235e-05
2020s,HebRoot=יכל,11,9.611939776828235e-05
2020s,HebRoot=צער,11,9.611939776828235e-05
2020s,HebRoot=אכל,11,9.611939776828235e-05
2020s,HebRoot=חגג,11,9.611939776828235e-05
2020s,HebRoot=סבר,11,9.611939776828235e-05
2020s,HebRoot=נוח,11,9.611939776828235e-05
2020s,HebRoot=ילד,11,9.611939776828235e-05
2020s,HebRoot=הרס,10,8.73812706984385e-05
2020s,HebRoot=פגע,10,8.73812706984385e-05
2020s,HebRoot=אסף,10,8.73812706984385e-05
2020s,HebRoot=לכלך,10,8.73812706984385e-05
2020s,HebRoot=נבט,10,8.73812706984385e-05
2020s,HebRoot=לחץ,10,8.73812706984385e-05
2020s,HebRoot=פזר,10,8.73812706984385e-05
2020s,HebRoot=שׁתן,10,8.73812706984385e-05
2020s,HebRoot=יצע,10,8.73812706984385e-05
2020s,HebRoot=כבי,10,8.73812706984385e-05
2020s,HebRoot=קני,10,8.73812706984385e-05
2020s,HebRoot=יפע,10,8.73812706984385e-05
2020s,HebRoot=שׁבע,10,8.73812706984385e-05
2020s,HebRoot=שׁקר,10,8.73812706984385e-05
2020s,HebRoot=מדד,9,7.864314362859465e-05
2020s,DictaNote=Titular,9,7.864314362859465e-05
2020s,HebRoot=גבר,9,7.864314362859465e-05
2020s,HebRoot=חתך,9,7.864314362859465e-05
2020s,HebRoot=לחם,9,7.864314362859465e-05
2020s,HebRoot=יסף,9,7.864314362859465e-05
2020s,HebRoot=תקן,9,7.864314362859465e-05
2020s,HebRoot=חבר,9,7.864314362859465e-05
2020s,HebRoot=רשׁם,9,7.864314362859465e-05
2020s,HebRoot=מכר,9,7.864314362859465e-05
2020s,HebRoot=לבשׁ,9,7.864314362859465e-05
2020s,HebRoot=סמך,9,7.864314362859465e-05
2020s,HebRoot=גנב,8,6.990501655875079e-05
2020s,HebRoot=סדר,8,6.990501655875079e-05
2020s,HebRoot=שׁטף,8,6.990501655875079e-05
2020s,HebRoot=יאשׁ,8,6.990501655875079e-05
2020s,HebRoot=גדל,8,6.990501655875079e-05
2020s,HebRoot=כסי,8,6.990501655875079e-05
2020s,HebRoot=צרח,8,6.990501655875079e-05
2020s,HebRoot=זרח,8,6.990501655875079e-05
2020s,HebRoot=דמין,8,6.990501655875079e-05
2020s,HebRoot=שׂרט,8,6.990501655875079e-05
2020s,HebRoot=קוי,8,6.990501655875079e-05
2020s,HebRoot=נשׁק,7,6.116688948890694e-05
2020s,HebRoot=בלבל,7,6.116688948890694e-05
2020s,HebRoot=גשׁם,7,6.116688948890694e-05
2020s,HebRoot=כעס,7,6.116688948890694e-05
2020s,HebRoot=מחק,7,6.116688948890694e-05
2020s,HebRoot=אוי,7,6.116688948890694e-05
2020s,HebRoot=בדק,7,6.116688948890694e-05
2020s,HebRoot=נשׁב,7,6.116688948890694e-05
2020s,HebRoot=סים,7,6.116688948890694e-05
2020s,HebRoot=כין,7,6.116688948890694e-05
2020s,HebRoot=אשׁם,7,6.116688948890694e-05
2020s,HebRoot=פגשׁ,6,5.24287624190631e-05
2020s,HebRoot=פרשׁ,6,5.24287624190631e-05
2020s,HebRoot=סלח,6,5.24287624190631e-05
2020s,HebRoot=פלל,6,5.24287624190631e-05
2020s,HebRoot=נגשׁ,6,5.24287624190631e-05
2020s,HebRoot=פצץ,6,5.24287624190631e-05
2020s,HebRoot=פני,6,5.24287624190631e-05
2020s,HebRoot=רסק,6,5.24287624190631e-05
2020s,HebRoot=חלף,6,5.24287624190631e-05
2020s,HebRoot=ארז,6,5.24287624190631e-05
2020s,HebRoot=דהר,6,5.24287624190631e-05
2020s,HebRoot=נער,6,5.24287624190631e-05
2020s,HebRoot=רדד,6,5.24287624190631e-05
2020s,HebRoot=עצם,6,5.24287624190631e-05
2020s,HebRoot=לחשׁ,6,5.24287624190631e-05
2020s,HebRoot=סכם,6,5.24287624190631e-05
2020s,HebRoot=צלם,5,4.369063534921925e-05
2020s,HebRoot=מתן,5,4.369063534921925e-05
2020s,HebRoot=חלק,5,4.369063534921925e-05
2020s,HebRoot=חרט,5,4.369063534921925e-05
2020s,HebRoot=טרף,5,4.369063534921925e-05
2020s,HebRoot=יתר,5,4.369063534921925e-05
2020s,HebRoot=תקע,5,4.369063534921925e-05
2020s,HebRoot=נהג,5,4.369063534921925e-05
2020s,HebRoot=ניר,5,4.369063534921925e-05
2020s,HebRoot=מהר,5,4.369063534921925e-05
2020s,HebRoot=מסס,5,4.369063534921925e-05
2020s,HebRoot=ירי,5,4.369063534921925e-05
2020s,HebRoot=אמץ,5,4.369063534921925e-05
2020s,HebRoot=נזע,5,4.369063534921925e-05
2020s,HebRoot=נעל,5,4.369063534921925e-05
2020s,HebRoot=מזג,5,4.369063534921925e-05
2020s,HebRoot=אים,5,4.369063534921925e-05
2020s,HebRoot=נחם,5,4.369063534921925e-05
2020s,HebRoot=נקי,5,4.369063534921925e-05
2020s,HebRoot=יבל,5,4.369063534921925e-05
2020s,HebRoot=שׂרד,5,4.369063534921925e-05
2020s,HebRoot=קשׁשׁ,5,4.369063534921925e-05
2020s,HebRoot=טיל,4,3.4952508279375396e-05
2020s,HebRoot=הני,4,3.4952508279375396e-05
2020s,HebRoot=כשׁל,4,3.4952508279375396e-05
2020s,HebRoot=רעד,4,3.4952508279375396e-05
2020s,HebRoot=שׁכב,4,3.4952508279375396e-05
2020s,HebRoot=דמי,4,3.4952508279375396e-05
2020s,HebRoot=רדף,4,3.4952508279375396e-05
2020s,HebRoot=טפס,4,3.4952508279375396e-05
2020s,HebRoot=עוד,4,3.4952508279375396e-05
2020s,HebRoot=וכח,4,3.4952508279375396e-05
2020s,HebRoot=רגל,4,3.4952508279375396e-05
2020s,HebRoot=בהר,4,3.4952508279375396e-05
2020s,HebRoot=ברא,4,3.4952508279375396e-05
2020s,HebRoot=צפי,4,3.4952508279375396e-05
2020s,HebRoot=שׂחי,4,3.4952508279375396e-05
2020s,HebRoot=רוח,4,3.4952508279375396e-05
2020s,HebRoot=כבד,4,3.4952508279375396e-05
2020s,HebRoot=שׁלף,4,3.4952508279375396e-05
2020s,AramaicRoot=פרט,4,3.4952508279375396e-05
2020s,HebRoot=לטף,4,3.4952508279375396e-05
2020s,HebRoot=גרם,4,3.4952508279375396e-05
2020s,HebRoot=זהי,4,3.4952508279375396e-05
2020s,HebRoot=פרק,4,3.4952508279375396e-05
2020s,HebRoot=פתר,4,3.4952508279375396e-05
2020s,HebRoot=צמד,4,3.4952508279375396e-05
2020s,HebRoot=דור,4,3.4952508279375396e-05
2020s,HebRoot=אלי,4,3.4952508279375396e-05
2020s,HebRoot=בזבז,4,3.4952508279375396e-05
2020s,HebRoot=אפק,4,3.4952508279375396e-05
2020s,HebRoot=דאי,4,3.4952508279375396e-05
2020s,Tense=Present,4,3.4952508279375396e-05
2020s,HebRoot=תָּ'רֹאשׁ,4,3.4952508279375396e-05
2020s,NumType=Mult,4,3.4952508279375396e-05
2020s,HebRoot=צוץ,4,3.4952508279375396e-05
2020s,HebRoot=זכי,4,3.4952508279375396e-05
2020s,HebRoot=ערק,4,3.4952508279375396e-05
2020s,HebRoot=נוס,4,3.4952508279375396e-05
2020s,HebRoot=פקח,4,3.4952508279375396e-05
2020s,HebRoot=טפל,4,3.4952508279375396e-05
2020s,HebRoot=חוי,4,3.4952508279375396e-05
2020s,HebRoot=פשׁע,4,3.4952508279375396e-05
2020s,HebRoot=ארגן,4,3.4952508279375396e-05
2020s,HebRoot=קלט,4,3.4952508279375396e-05
2020s,HebRoot=לון,4,3.4952508279375396e-05
2020s,HebRoot=בית,4,3.4952508279375396e-05
2020s,HebRoot=ארב,4,3.4952508279375396e-05
2020s,HebRoot=בור,3,2.621438120953155e-05
2020s,HebRoot=חלט,3,2.621438120953155e-05
2020s,HebRoot=קרע,3,2.621438120953155e-05
2020s,HebRoot=דמם,3,2.621438120953155e-05
2020s,HebRoot=שׁלט,3,2.621438120953155e-05
2020s,HebRoot=ספק,3,2.621438120953155e-05
2020s,HebRoot=חפר,3,2.621438120953155e-05
2020s,HebRoot=כפל,3,2.621438120953155e-05
2020s,HebRoot=זיף,3,2.621438120953155e-05
2020s,HebRoot=נבע,3,2.621438120953155e-05
2020s,HebRoot=בגר,3,2.621438120953155e-05
2020s,HebRoot=מחל,3,2.621438120953155e-05
2020s,HebRoot=ירשׁ,3,2.621438120953155e-05
2020s,HebRoot=שׁלך,3,2.621438120953155e-05
2020s,HebRoot=גרשׁ,3,2.621438120953155e-05
2020s,HebRoot=קנא,3,2.621438120953155e-05
2020s,HebRoot=חסר,3,2.621438120953155e-05
2020s,HebRoot=נוע,3,2.621438120953155e-05
2020s,HebRoot=פצע,3,2.621438120953155e-05
2020s,HebRoot=צבר,3,2.621438120953155e-05
2020s,HebRoot=פשׁט,3,2.621438120953155e-05
2020s,HebRoot=זור,3,2.621438120953155e-05
2020s,HebRoot=קבע,3,2.621438120953155e-05
2020s,HebRoot=צחח,3,2.621438120953155e-05
2020s,HebRoot=חבא,3,2.621438120953155e-05
2020s,HebRoot=עטף,3,2.621438120953155e-05
2020s,HebRoot=כנע,3,2.621438120953155e-05
2020s,HebRoot=גנן,3,2.621438120953155e-05
2020s,HebRoot=מחא,3,2.621438120953155e-05
2020s,HebRoot=צור,3,2.621438120953155e-05
2020s,HebRoot=קפל,3,2.621438120953155e-05
2020s,HebRoot=זמר,3,2.621438120953155e-05
2020s,HebRoot=עשׁן,3,2.621438120953155e-05
2020s,HebRoot=רעע,3,2.621438120953155e-05
2020s,HebRoot=רפא,3,2.621438120953155e-05
2020s,HebRoot=גרר,3,2.621438120953155e-05
2020s,HebRoot=רקן,3,2.621438120953155e-05
2020s,HebRoot=נתק,3,2.621438120953155e-05
2020s,HebRoot=זלג,3,2.621438120953155e-05
2020s,HebRoot=נגב,3,2.621438120953155e-05
2020s,HebRoot=רחק,3,2.621438120953155e-05
2020s,HebRoot=פכח,3,2.621438120953155e-05
2020s,HebRoot=אזן,3,2.621438120953155e-05
2020s,HebRoot=סלל,3,2.621438120953155e-05
2020s,HebRoot=דבק,3,2.621438120953155e-05
2020s,HebRoot=שׁקף,3,2.621438120953155e-05
2020s,HebRoot=פעל,3,2.621438120953155e-05
2020s,HebRoot=סחט,3,2.621438120953155e-05
2020s,HebRoot=עיף,3,2.621438120953155e-05
2020s,HebRoot=פעם,3,2.621438120953155e-05
2020s,HebRoot=פשׁל,3,2.621438120953155e-05
2020s,HebRoot=דלג,3,2.621438120953155e-05
2020s,HebRoot=דבע,3,2.621438120953155e-05
2020s,HebRoot=רוי,3,2.621438120953155e-05
2020s,HebRoot=טרק,3,2.621438120953155e-05
2020s,X,3,2.621438120953155e-05
2020s,HebRoot=ערבב,2,1.7476254139687698e-05
2020s,HebRoot=תרץ,2,1.7476254139687698e-05
2020s,HebRoot=שׂכר,2,1.7476254139687698e-05
2020s,HebRoot=שׁכר,2,1.7476254139687698e-05
2020s,HebRoot=גזם,2,1.7476254139687698e-05
2020s,HebRoot=חסך,2,1.7476254139687698e-05
2020s,HebRoot=רחשׁ,2,1.7476254139687698e-05
2020s,HebRoot=עלז,2,1.7476254139687698e-05
2020s,HebRoot=שׁדל,2,1.7476254139687698e-05
2020s,HebRoot=קים,2,1.7476254139687698e-05
2020s,HebRoot=קלע,2,1.7476254139687698e-05
2020s,HebRoot=שׁקע,2,1.7476254139687698e-05
2020s,HebRoot=ירק,2,1.7476254139687698e-05
2020s,HebRoot=נצץ,2,1.7476254139687698e-05
2020s,HebRoot=פצי,2,1.7476254139687698e-05
2020s,HebRoot=שׁאף,2,1.7476254139687698e-05
2020s,HebRoot=שׂטי,2,1.7476254139687698e-05
2020s,HebRoot=שׁרק,2,1.7476254139687698e-05
2020s,HebRoot=כסף,2,1.7476254139687698e-05
2020s,HebRoot=מלא,2,1.7476254139687698e-05
2020s,HebRoot=טלף,2,1.7476254139687698e-05
2020s,HebRoot=צבע,2,1.7476254139687698e-05
2020s,HebRoot=טבע,2,1.7476254139687698e-05
2020s,HebRoot=טשׁטשׁ,2,1.7476254139687698e-05
2020s,HebRoot=עזז,2,1.7476254139687698e-05
2020s,HebRoot=גאי,2,1.7476254139687698e-05
2020s,HebRoot=פסע,2,1.7476254139687698e-05
2020s,HebRoot=שׁען,2,1.7476254139687698e-05
2020s,HebRoot=צמח,2,1.7476254139687698e-05
2020s,HebRoot=טיט,2,1.7476254139687698e-05
2020s,HebRoot=פטר,2,1.7476254139687698e-05
2020s,Case=Nom,2,1.7476254139687698e-05
2020s,AramaicBinyan=PAEL,2,1.7476254139687698e-05
2020s,AramaicRoot=אוס,2,1.7476254139687698e-05
2020s,HebRoot=יבשׁ,2,1.7476254139687698e-05
2020s,HebRoot=גזל,2,1.7476254139687698e-05
2020s,HebRoot=שׁיד,2,1.7476254139687698e-05
2020s,HebRoot=דון,2,1.7476254139687698e-05
2020s,HebRoot=צחצח,2,1.7476254139687698e-05
2020s,HebRoot=חמם,2,1.7476254139687698e-05
2020s,HebRoot=חרטט,2,1.7476254139687698e-05
2020s,HebRoot=בשׁל,2,1.7476254139687698e-05
2020s,HebRoot=זלל,2,1.7476254139687698e-05
2020s,HebRoot=בלע,2,1.7476254139687698e-05
2020s,HebRoot=סטר,2,1.7476254139687698e-05
2020s,HebRoot=ברר,2,1.7476254139687698e-05
2020s,HebRoot=סבל,2,1.7476254139687698e-05
2020s,HebRoot=חתן,2,1.7476254139687698e-05
2020s,HebRoot=אשׁר,2,1.7476254139687698e-05
2020s,HebRoot=סנור,2,1.7476254139687698e-05
2020s,HebRoot=ערך,2,1.7476254139687698e-05
2020s,HebRoot=כול,2,1.7476254139687698e-05
2020s,HebRoot=רחם,2,1.7476254139687698e-05
2020s,HebRoot=חטא,2,1.7476254139687698e-05
2020s,HebRoot=פרט,2,1.7476254139687698e-05
2020s,HebRoot=חדשׁ,2,1.7476254139687698e-05
2020s,HebRoot=תכנן,2,1.7476254139687698e-05
2020s,HebRoot=תקשׁר,2,1.7476254139687698e-05
2020s,HebRoot=סור,2,1.7476254139687698e-05
2020s,HebRoot=להב,2,1.7476254139687698e-05
2020s,HebRoot=כלי,2,1.7476254139687698e-05
2020s,HebRoot=חסם,2,1.7476254139687698e-05
2020s,HebRoot=ברך,2,1.7476254139687698e-05
2020s,HebRoot=דמע,2,1.7476254139687698e-05
2020s,HebRoot=עקב,2,1.7476254139687698e-05
2020s,AramaicRoot=קשׁשׁ,2,1.7476254139687698e-05
2020s,HebRoot=ריב,2,1.7476254139687698e-05
2020s,HebRoot=מסר,2,1.7476254139687698e-05
2020s,HebRoot=קדם,2,1.7476254139687698e-05
2020s,HebRoot=חקר,2,1.7476254139687698e-05
2020s,HebRoot=גבל,2,1.7476254139687698e-05
2020s,HebRoot=עצבן,2,1.7476254139687698e-05
2020s,HebRoot=צעד,2,1.7476254139687698e-05
2020s,HebRoot=כרך,2,1.7476254139687698e-05
2020s,HebRoot=גמל,2,1.7476254139687698e-05
2020s,HebRoot=מסחר,2,1.7476254139687698e-05
2020s,HebRoot=מסד,2,1.7476254139687698e-05
2020s,HebRoot=שׁרת,2,1.7476254139687698e-05
2020s,HebRoot=נחת,2,1.7476254139687698e-05
2020s,HebRoot=אחר,2,1.7476254139687698e-05
2020s,HebRoot=בגד,2,1.7476254139687698e-05
2020s,HebRoot=צדק,2,1.7476254139687698e-05
2020s,HebRoot=שׁסע,2,1.7476254139687698e-05
2020s,HebRoot=צלצל,2,1.7476254139687698e-05
2020s,HebRoot=שׁעמם,2,1.7476254139687698e-05
2020s,HebRoot=חתם,2,1.7476254139687698e-05
2020s,HebRoot=פהק,2,1.7476254139687698e-05
2020s,HebRoot=תקצב,2,1.7476254139687698e-05
2020s,HebRoot=שׁוח,2,1.7476254139687698e-05
2020s,HebRoot=חשׁך,2,1.7476254139687698e-05
2020s,HebRoot=נטף,2,1.7476254139687698e-05
2020s,HebRoot=חרז,2,1.7476254139687698e-05
2020s,HebRoot=ישׁט,2,1.7476254139687698e-05
2020s,HebRoot=יצק,1,8.738127069843849e-06
2020s,HebRoot=אלגן,1,8.738127069843849e-06
2020s,HebRoot=ערב,1,8.738127069843849e-06
2020s,HebRoot=סוף,1,8.738127069843849e-06
2020s,HebRoot=גלשׁ,1,8.738127069843849e-06
2020s,HebRoot=מור,1,8.738127069843849e-06
2020s,HebRoot=כבס,1,8.738127069843849e-06
2020s,HebRoot=בים,1,8.738127069843849e-06
2020s,HebRoot=חנן,1,8.738127069843849e-06
2020s,HebRoot=הגי,1,8.738127069843849e-06
2020s,HebRoot=ישׁר,1,8.738127069843849e-06
2020s,HebRoot=ודי,1,8.738127069843849e-06
2020s,HebRoot=פדי,1,8.738127069843849e-06
2020s,HebRoot=קוץ,1,8.738127069843849e-06
2020s,HebRoot=שׁבי,1,8.738127069843849e-06
2020s,HebRoot=ישׁע,1,8.738127069843849e-06
2020s,HebRoot=ספג,1,8.738127069843849e-06
2020s,HebRoot=ריע,1,8.738127069843849e-06
2020s,HebRoot=בדל,1,8.738127069843849e-06
2020s,HebRoot=פוג,1,8.738127069843849e-06
2020s,HebRoot=נפשׁ,1,8.738127069843849e-06
2020s,HebRoot=פרץ,1,8.738127069843849e-06
2020s,HebRoot=שׁרץ,1,8.738127069843849e-06
2020s,HebRoot=שׁיף,1,8.738127069843849e-06
2020s,HebRoot=שׁוט,1,8.738127069843849e-06
2020s,HebRoot=יקר,1,8.738127069843849e-06
2020s,HebRoot=לוי,1,8.738127069843849e-06
2020s,HebRoot=גרב,1,8.738127069843849e-06
2020s,HebRoot=עקד,1,8.738127069843849e-06
2020s,HebRoot=מלט,1,8.738127069843849e-06
2020s,HebRoot=בוס,1,8.738127069843849e-06
2020s,HebRoot=פרס,1,8.738127069843849e-06
2020s,HebRoot=תיג,1,8.738127069843849e-06
2020s,HebRoot=מעל,1,8.738127069843849e-06
2020s,HebRoot=רטב,1,8.738127069843849e-06
2020s,HebRoot=שׁפך,1,8.738127069843849e-06
2020s,HebRoot=אחז,1,8.738127069843849e-06
2020s,HebRoot=קלף,1,8.738127069843849e-06
2020s,HebRoot=דדי,1,8.738127069843849e-06
2020s,HebRoot=ברג,1,8.738127069843849e-06
2020s,HebRoot=אכזב,1,8.738127069843849e-06
2020s,HebRoot=נרמל,1,8.738127069843849e-06
2020s,HebRoot=נטי,1,8.738127069843849e-06
2020s,HebRoot=מלח,1,8.738127069843849e-06
2020s,HebRoot=צהר,1,8.738127069843849e-06
2020s,HebRoot=תזמן,1,8.738127069843849e-06
2020s,HebRoot=פאי,1,8.738127069843849e-06
2020s,HebRoot=אבי,1,8.738127069843849e-06
2020s,HebRoot=צוף,1,8.738127069843849e-06
2020s,HebRoot=מיל,1,8.738127069843849e-06
2020s,HebRoot=פתל,1,8.738127069843849e-06
2020s,HebRoot=סחרר,1,8.738127069843849e-06
2020s,HebRoot=חנק,1,8.738127069843849e-06
2020s,HebRoot=בלק,1,8.738127069843849e-06
2020s,HebRoot=חיף,1,8.738127069843849e-06
2020s,HebRoot=שׁכנע,1,8.738127069843849e-06
2020s,HebRoot=חושׁ,1,8.738127069843849e-06
2020s,HebRoot=שׂגשׂג,1,8.738127069843849e-06
2020s,HebRoot=נצי,1,8.738127069843849e-06
2020s,HebRoot=שׂרך,1,8.738127069843849e-06
2020s,HebRoot=המם,1,8.738127069843849e-06
2020s,HebRoot=גאל,1,8.738127069843849e-06
2020s,HebRoot=מהל,1,8.738127069843849e-06
2020s,HebRoot=פרשׂ,1,8.738127069843849e-06
2020s,HebRoot=ריח,1,8.738127069843849e-06
2020s,HebRoot=יגע,1,8.738127069843849e-06
2020s,HebRoot=סרב,1,8.738127069843849e-06
2020s,HebRoot=אלץ,1,8.738127069843849e-06
2020s,HebRoot=סמס,1,8.738127069843849e-06
2020s,HebRoot=צוי,1,8.738127069843849e-06
2020s,HebRoot=סוג,1,8.738127069843849e-06
2020s,HebRoot=שׁזף,1,8.738127069843849e-06
2020s,AramaicRoot=סטר,1,8.738127069843849e-06
2020s,HebRoot=חדר,1,8.738127069843849e-06
2020s,HebRoot=קלד,1,8.738127069843849e-06
2020s,HebRoot=חלד,1,8.738127069843849e-06
2020s,HebRoot=פלג,1,8.738127069843849e-06
2020s,HebRoot=תקל,1,8.738127069843849e-06
2020s,HebRoot=קטף,1,8.738127069843849e-06
2020s,HebRoot=שׁדר,1,8.738127069843849e-06
2020s,HebRoot=גור,1,8.738127069843849e-06
2020s,HebRoot=יצר,1,8.738127069843849e-06
2020s,HebRoot=מקם,1,8.738127069843849e-06
2020s,HebRoot=צפף,1,8.738127069843849e-06
2020s,HebRoot=גרד,1,8.738127069843849e-06
2020s,HebRoot=קשׁקשׁ,1,8.738127069843849e-06
2020s,HebRoot=צלק,1,8.738127069843849e-06
2020s,HebRoot=נקף,1,8.738127069843849e-06
2020s,HebRoot=קוט,1,8.738127069843849e-06
2020s,HebRoot=סחף,1,8.738127069843849e-06
2020s,HebRoot=תחקר,1,8.738127069843849e-06
2020s,HebRoot=שׁלב,1,8.738127069843849e-06
2020s,HebRoot=קרר,1,8.738127069843849e-06
2020s,HebRoot=חמק,1,8.738127069843849e-06
2020s,HebRoot=משׁי,1,8.738127069843849e-06
2020s,HebRoot=סרג,1,8.738127069843849e-06
2020s,HebRoot=תסבך,1,8.738127069843849e-06
2020s,HebRoot=תלי,1,8.738127069843849e-06
2020s,HebRoot=פקע,1,8.738127069843849e-06
2020s,HebRoot=רפי,1,8.738127069843849e-06
2020s,HebRoot=מרא,1,8.738127069843849e-06
2020s,HebRoot=פ\לרטט,1,8.738127069843849e-06
2020s,HebRoot=סלבט,1,8.738127069843849e-06
2020s, Number=Sing,1,8.738127069843849e-06
2020s, Person=3,1,8.738127069843849e-06
2020s,HebRoot=רצף,1,8.738127069843849e-06
2020s,HebRoot=סאב,1,8.738127069843849e-06
2020s,HebRoot=גיל,1,8.738127069843849e-06
2020s,HebRoot=נשׁל,1,8.738127069843849e-06
2020s,HebRoot=לאי,1,8.738127069843849e-06
2020s,HebRoot=אנס,1,8.738127069843849e-06
2020s,HebRoot=נגח,1,8.738127069843849e-06
2020s,HebRoot=אדי,1,8.738127069843849e-06
2020s,HebRoot=נשׁף,1,8.738127069843849e-06
2020s,HebRoot=קהל,1,8.738127069843849e-06
2020s,HebRoot=פרפר,1,8.738127069843849e-06
2020s,HebRoot=פלס,1,8.738127069843849e-06
2020s,HebRoot=שׁבח,1,8.738127069843849e-06
2020s,HebRoot=עסק,1,8.738127069843849e-06
2020s,HebRoot=משׁל,1,8.738127069843849e-06
2020s,HebRoot=טיח,1,8.738127069843849e-06
2020s,HebRoot=נזל,1,8.738127069843849e-06
2020s,HebRoot=עברת,1,8.738127069843849e-06
2020s,HebRoot=כרת,1,8.738127069843849e-06
2020s,HebRoot=דין,1,8.738127069843849e-06
2020s,HebRoot=שׁקט,1,8.738127069843849e-06
2020s,HebRoot=פרסם,1,8.738127069843849e-06
2020s,HebRoot=חלל,1,8.738127069843849e-06
2020s,HebRoot=שׁחת,1,8.738127069843849e-06
2020s,HebRoot=תקף,1,8.738127069843849e-06
2020s,HebRoot=דרדר,1,8.738127069843849e-06
2020s,HebRoot=אחד,1,8.738127069843849e-06
2020s,HebRoot=דחק,1,8.738127069843849e-06
2020s,HebRoot=עקף,1,8.738127069843849e-06
2020s,HebRoot=בישׁ,1,8.738127069843849e-06
2020s,HebRoot=טמטם,1,8.738127069843849e-06
2020s,HebRoot=ציר,1,8.738127069843849e-06
2020s,HebRoot=דחף,1,8.738127069843849e-06
2020s,HebRoot=סתם,1,8.738127069843849e-06
2020s,HebRoot=רכב,1,8.738127069843849e-06
2020s,HebRoot=יצת,1,8.738127069843849e-06
2020s,HebRoot=ברץ,1,8.738127069843849e-06
2020s,HebRoot=פקל,1,8.738127069843849e-06
2020s,HebRoot=לבד,1,8.738127069843849e-06
2020s,HebRoot=כרח,1,8.738127069843849e-06
2020s,HebRoot=כפי,1,8.738127069843849e-06
2020s,HebRoot=צין,1,8.738127069843849e-06
2020s,HebRoot=שׁבת,1,8.738127069843849e-06
2020s,HebRoot=נטשׁ,1,8.738127069843849e-06
2020s,HebRoot=כער,1,8.738127069843849e-06
2020s,HebRoot=ככב,1,8.738127069843849e-06
2020s,HebRoot=עדכן,1,8.738127069843849e-06
2020s,HebRoot=עצב,1,8.738127069843849e-06
2020s,HebRoot=פטט,1,8.738127069843849e-06
2020s,HebRoot=פשׁר,1,8.738127069843849e-06
2020s,AramaicRoot=קלל,1,8.738127069843849e-06
2020s,HebRoot=נחשׁ,1,8.738127069843849e-06
2020s,HebRoot=יעץ,1,8.738127069843849e-06
2020s,HebRoot=חשׂף,1,8.738127069843849e-06
2020s,HebRoot=שׁפט,1,8.738127069843849e-06
2020s,HebRoot=קדד,1,8.738127069843849e-06
2020s,HebRoot=סמק,1,8.738127069843849e-06
2020s,HebRoot=נסך,1,8.738127069843849e-06
2020s,HebRoot=אלתר,1,8.738127069843849e-06
2020s,HebRoot=רמז,1,8.738127069843849e-06
2020s,HebRoot=כדר,1,8.738127069843849e-06
2020s,HebRoot=חמא,1,8.738127069843849e-06
2020s,HebRoot=אחל,1,8.738127069843849e-06
2020s,HebRoot=עלב,1,8.738127069843849e-06
2020s,HebRoot=לשׁן,1,8.738127069843849e-06
2020s,HebRoot=דרשׁ,1,8.738127069843849e-06
2020s,HebRoot=ליל,1,8.738127069843849e-06
2020s,HebRoot=עקשׁ,1,8.738127069843849e-06
2020s,HebRoot=חור,1,8.738127069843849e-06
2020s,HebRoot=שׁכך,1,8.738127069843849e-06
2020s,HebRoot=דוג,1,8.738127069843849e-06
2020s,HebRoot=מרד,1,8.738127069843849e-06
2020s,HebRoot=דקר,1,8.738127069843849e-06
2020s,AramaicRoot=לפף,1,8.738127069843849e-06
2020s,HebRoot=אפס,1,8.738127069843849e-06
2020s,HebRoot=שׁעל,1,8.738127069843849e-06
2020s,HebRoot=מתק,1,8.738127069843849e-06
2020s,AramaicBinyan=AFEL,1,8.738127069843849e-06
2020s,AramaicRoot=סטי,1,8.738127069843849e-06
2020s,HebRoot=נהל,1,8.738127069843849e-06
2020s,HebRoot=אפי,1,8.738127069843849e-06
2020s,HebRoot=צפן,1,8.738127069843849e-06
2020s,HebRoot=מצי,1,8.738127069843849e-06
2020s,HebRoot=באס,1,8.738127069843849e-06
2020s,HebRoot=רנן,1,8.738127069843849e-06
2020s,AramaicRoot=טפל,1,8.738127069843849e-06
2020s,HebRoot=רשׁי,1,8.738127069843849e-06
2020s,AramaicRoot=נכס,1,8.738127069843849e-06
2020s,HebRoot=פסס,1,8.738127069843849e-06
2020s,HebRoot=מצץ,1,8.738127069843849e-06
2020s,HebRoot=תאם,1,8.738127069843849e-06
2020s,HebRoot=הפּנט,1,8.738127069843849e-06
2020s,HebRoot=נהם,1,8.738127069843849e-06
2020s,HebRoot=בדד,1,8.738127069843849e-06
2020s,HebRoot=גלה,1,8.738127069843849e-06
2020s,HebRoot=אשׁשׁ,1,8.738127069843849e-06
2020s,HebRoot=אבזר,1,8.738127069843849e-06
2020s,HebRoot=מדבר,1,8.738127069843849e-06
2020s,HebRoot=אסטר,1,8.738127069843849e-06
2020s,HebRoot=תוך,1,8.738127069843849e-06
2020s,HebRoot=צלי,1,8.738127069843849e-06
2020s,HebRoot=רבב,1,8.738127069843849e-06
2020s,HebRoot=רטט,1,8.738127069843849e-06
2020s,AramaicRoot=קטל,1,8.738127069843849e-06
2020s,HebRoot=תמך,1,8.738127069843849e-06
2020s,HebRoot=בצע,1,8.738127069843849e-06
2020s,HebRoot=רצח,1,8.738127069843849e-06
2020s,HebRoot=קשׁי,1,8.738127069843849e-06
2020s,HebRoot=תרם,1,8.738127069843849e-06
2020s,HebRoot=ערף,1,8.738127069843849e-06
2020s,HebRoot=פלא,1,8.738127069843849e-06
2020s,HebRoot=טפטף,1,8.738127069843849e-06
2020s,HebRoot=פ\נטז,1,8.738127069843849e-06
2020s,HebRoot=חצי,1,8.738127069843849e-06
2020s,HebRoot=כפת,1,8.738127069843849e-06
2020s,HebRoot=נמך,1,8.738127069843849e-06
2020s,HebRoot=חצף,1,8.738127069843849e-06
